#,*EventCODE,*EventType,*Action ( Reboot + 3+ shutdown) or Error/Warning/Info/Busy/Idle/Stop,"Response to negative options selected by the user - Cancel, No etc","*SourceComponent , mandatory if Ack is true",Yes/No,High/Medium/Low/None,True/False,EnglishString,Ok-Yes+No-Continue+Stop-Ok+Cancel,Yes/No,EventInfo
#EventId,EventMacro,EventType,ActionTypePositive,ActionTypeNegative,Source,AlarmTone,*LogLevel,UserLog,EventString,GUIEvent,StatusBarIcon,EventInfo
16842753,EVENT_GLOBAL_UNKNOWN_STRING_ID,Warning,,,,,Low,FALSE,Unknown String ID,,,
16842754,EVENT_GLOBAL_ERROR_UNKNOWN_EXCEPTION,Error,,,,,Low,FALSE,,,,
16842755,EVENT_GLOBAL_ERROR_MEMORY_ALLOCATION,Error,,,,,Low,FALSE,,,,
16842756,EVENT_GLOBAL_ERROR_NULL_POINTER,Error,,,,,Low,FALSE,,,,
16842757,EVENT_GLOBAL_ERROR_NOT_NULL_POINTER,Error,,,,,Low,FALSE,,,,
16842758,EVENT_GLOBAL_ERROR_SIGNAL_NOT_CONNECTED,Error,,,,,Low,FALSE,Command or acknowledgement has no receiver (command '%1' - channel '%2'),,,
16842759,EVENT_GLOBAL_ERROR_SIGNAL_SLOT_CONNECT,Error,,,,,Low,FALSE,,,,
16842760,EVENT_GLOBAL_ERROR_SIGNAL_SIGNAL_CONNECT,Error,,,,,Low,FALSE,,,,
16842761,EVENT_GLOBAL_ERROR_INVOKEMETHOD,Error,,,,,Low,FALSE,,,,
16842762,EVENT_GLOBAL_ERROR_READ_CONFIG_FILE,Error,,,,,Low,FALSE,,,,
16842763,EVENT_GLOBAL_ERROR_MONOTONIC_CLOCK,Error,,,,,Low,FALSE,,,,
16842764,EVENT_GLOBAL_ERROR_FALLBACK_LANGUAGE,Error,,,,,Low,FALSE,,,,
16842765,EVENT_GLOBAL_ERROR_FILE_CREATE,Error,,,,,Low,FALSE,,,,
16842766,EVENT_GLOBAL_ERROR_FILE_OPEN,Error,,,,,Low,FALSE,,,,
16842767,EVENT_GLOBAL_ERROR_FILE_REMOVE,Error,,,,,Low,FALSE,,,,
16842768,EVENT_GLOBAL_ERROR_FILE_WRITE,Error,,,,,Low,FALSE,,,,
16842769,EVENT_GLOBAL_ERROR_FILE_FLUSH,Error,,,,,Low,FALSE,,,,
16842770,EVENT_GLOBAL_ERROR_FILE_RENAME,Error,,,,,Low,FALSE,,,,
16842771,EVENT_GLOBAL_ERROR_FILE_SEEK,Error,,,,,Low,FALSE,,,,
16842772,EVENT_GLOBAL_ERROR_TIME_OFFSET_TOO_LARGE,Error,,,,,Low,FALSE,,,,
16842773,EVENT_GLOBAL_ERROR_READING_SERIAL_NUMBER,Error,,,,,Low,FALSE,,,,
16842774,EVENT_GLOBAL_ERROR_COMPUTING_NEW_REF,Error,,,,,Low,FALSE,,,,
16842775,EVENT_GLOBAL_ERROR_SIGNAL_RECEIVED,,,,,,,,,,,
16846848,EVENT_GLOBAL_STRING_ID_DEBUG_MESSAGE,Info,,,,,Low,FALSE,,,,
16846849,EVENT_GLOBAL_STRING_ID_EVTTYPE_UNDEFINED,Info,,,,,Low,FALSE,Undefined Type,,,
16846850,EVENT_GLOBAL_STRING_ID_EVTTYPE_FATAL_ERROR,Error,,,,,Low,FALSE,FatalError,,,
16846851,EVENT_GLOBAL_STRING_ID_EVTTYPE_ERROR,Error,,,,,Low,FALSE,Error,,,
16846852,EVENT_GLOBAL_STRING_ID_EVTTYPE_WARNING,Info,,,,,Low,FALSE,Warning,,,
16846853,EVENT_GLOBAL_STRING_ID_EVTTYPE_INFO,Info,,,,,Low,FALSE,Info,,,
16846854,EVENT_GLOBAL_STRING_ID_EVTTYPE_DEBUG,Info,,,,,Low,FALSE,Debug,,,
16846855,EVENT_GLOBAL_STRING_ID_EVTSTAT_ON,Info,,,,,Low,FALSE,,,,
16846856,EVENT_GLOBAL_STRING_ID_EVTSTAT_OFF,Info,,,,,Low,FALSE,,,,
16846857,EVENT_GLOBAL_STRING_TERMINATING,Info,,,,,Low,FALSE,,,,
16846858,EVENT_GLOBAL_SET_DATE_TIME,Info,,,,,Low,FALSE,,,,
16846859,EVENT_GLOBAL_CURRENT_TIME_OFFSET,Info,,,,,Low,FALSE,,,,
16846860,EVENT_GLOBAL_POWER_FAIL,Info,,,,,Low,FALSE,,,,
16908286,EVENT_GLOBAL_DUMMY_ERROR,Error,,,,,Low,FALSE,,,,
16908287,EVENT_GLOBAL_UNDEFINED,Info,,,,,Low,FALSE,,,,
16908289,EVENT_THREADS_ERROR_MASTERTHREAD_STARTUP,Error,,,,,Low,FALSE,,,,
16908290,EVENT_THREADS_ERROR_THREAD_STOP_ARGS,Error,,,,,Low,FALSE,,,,
16908291,EVENT_THREADS_ERROR_NO_HEARTBEAT,Error,,,,,Low,FALSE,,,,
16908292,EVENT_THREADS_INFO_NO_HEARTBEAT_CHECKING,Info,,,,,Low,FALSE,,,,
16908293,EVENT_THREADS_ERROR_UNKNOWN_HEARTBEAT,Error,,,,,Low,FALSE,,,,
16908294,EVENT_THREADS_ERROR_SEND_COMMAND,Error,,,,,Low,FALSE,,,,
16908295,EVENT_THREADS_ERROR_SEND_ACKNOWLEDGE,Error,,,,,Low,FALSE,,,,
16908296,EVENT_THREADS_ERROR_UNKNOWN_COMMAND_REF,Error,,,,,Low,FALSE,Unknown command reference %1,,No,
16908297,EVENT_THREADS_ERROR_UNSUPPORTED_COMMAND,Error,,,,,Low,FALSE,Unsupported command %1,,No,
16908298,EVENT_THREADS_ERROR_UNSUPPORTED_ACKNOWLEDGE,Error,,,,,Low,FALSE,Unsupported acknowledgement %1,,No,
16908299,EVENT_THREADS_ERROR_COMMAND_FUNCTOR_ALREADY_REGISTERED,Error,,,,,Low,FALSE,,,,
16908300,EVENT_THREADS_ERROR_ACKNOWLEDGE_FUNCTOR_ALREADY_REGISTERED,Error,,,,,Low,FALSE,,,,
16908301,EVENT_THREADS_ERROR_TIMEOUT_FUNCTOR_ALREADY_REGISTERED,Error,,,,,Low,FALSE,,,,
16908302,EVENT_THREADS_ERROR_COMMAND_TIMEOUT,Error,,,,,Low,FALSE,Command timeout '%1' (ref %2),,,
16908303,EVENT_THREADS_INFO_STARTING_STATE_MACHINE,Info,,,,,Low,FALSE,,,,
16908304,EVENT_THREADS_ERROR_COMMAND_HAS_TIMEOUT,Error,,,,,Low,FALSE,,,,
16973825,EVENT_DATALOGGING_ERROR_FILE_NOT_OPEN,Error,,,,,Low,FALSE,Unable to open the file %1,,,
16973826,EVENT_DATALOGGING_ERROR_FILE_NOT_EXISTS,Error,,,,,Low,FALSE,File does not exist %1,,,
16973827,EVENT_DATALOGGING_ERROR_FILE_WRONG_SUFFIX,Error,,,,,Low,FALSE,Wrong suffix in the file %1,,,
16973828,EVENT_DATALOGGING_ERROR_EVENT_ID_NOT_EXISTS,Error,,,,,Low,FALSE,Event Id %1 not exists in the event string xml file,,,
16977921,EVENT_DATALOGGING_INFO_FILE_CREATE,Info,,,,,Low,FALSE,,,,
16977922,EVENT_DATALOGGING_INFO_FILE_OPEN,Info,,,,,Low,FALSE,,,,
16977923,EVENT_DATALOGGING_INFO_FILE_REMOVE,Info,,,,,Low,FALSE,,,,
17039361,EVENT_ERROR_STATE,Info,,,,No,High,,Colorado has switched to error state,,,
17039362,EVENT_NORMAL_STATE,Info,,,,No,High,,Colorado has switched to normal state,,,
17039363,EVENT_GUI_AVAILABLE,,,,,,,,,,,
17235969,EVENT_DATAMANAGER_ERROR_READING_XML_STARTELEMENT,Error,,,,,Low,FALSE,Error reading xml start element '%1'.,Ok,,
17235970,EVENT_DATAMANAGER_ERROR_UNEXPECTED_XML_STARTELEMENT,Error,,,,,Low,FALSE,Unexpected xml start element '%1'. Expected: '%2',Ok,,
17235971,EVENT_DATAMANAGER_ERROR_XML_ATTRIBUTE_NOT_FOUND,Error,,,,,Low,FALSE,xml attribute not found: '%1'.,Ok,,
17235972,EVENT_DATAMANAGER_ERROR_NO_VALID_NUMBER,Error,,,,,Low,FALSE,%1' is not a valid number.,Ok,,
17235973,EVENT_DATAMANAGER_ERROR_NOT_SUPPORTED_LANGUAGE,Error,,,,,Low,FALSE,%1' is not a supported language.,Ok,,
17235974,EVENT_DATAMANAGER_ERROR_NO_VALID_ONOFFSTATE,Error,,,,,Low,FALSE, '%1' is not a valid on/off state.,Ok,,
17235975,EVENT_DATAMANAGER_ERROR_UNSUPPORTED_VERSION,Error,,,,,Low,FALSE,Unsupported version '%1'.,Ok,,
17235976,EVENT_DATAMANAGER_ERROR_LANG_NOT_FOUND,Error,,,,,Low,FALSE,Translations for language '%1' not found.,Ok,,
17235977,EVENT_DATAMANAGER_ERROR_PASSWORD_FORMAT,Error,,,,,Low,FALSE,Password does not fit requirements.,Ok,,
17235978,EVENT_DATAMANAGER_ERROR_PASSWORD_SERIAL_NUMBER,Error,,,,,Low,FALSE,Serial number does not fit.,Ok,,
17235979,EVENT_DATAMANAGER_ERROR_NO_VALID_DATEFORMAT,Error,,,,,Low,FALSE,'%1' is not a valid date format.,Ok,,
17235980,EVENT_DATAMANAGER_ERROR_NO_VALID_TIMEFORMAT,Error,,,,,Low,FALSE,'%1' is not a valid time format.,Ok,,
17235981,EVENT_DATAMANAGER_ERROR_NO_VALID_TEMPFORMAT,Error,,,,,Low,FALSE,'%1' is not a valid temperature format .,Ok,,
17235982,EVENT_DATAMANAGER_ERROR_NO_VALID_OVENSTARTMODE,Error,,,,,Low,FALSE,'%1' is not a valid oven start mode.,Ok,,
17235983,EVENT_DM_SETTINGS_XML_READ_FAILED,Info,,,,,Low,FALSE,UserSettings XML File Read failed,Ok,,
17235984,EVENT_DM_DEVICE_CONFIG_XML_READ_FAILED,Info,,,,,Low,FALSE,Device Configuration XML file Read failed,Ok,,
17235985,EVENT_DM_SETTINGS_VERIFICATION_FAILED,Info,,,,,Low,FALSE,UserSettings Verification Failed,Ok,,
17235986,EVENT_DM_DEVICE_CONFIG_VERIFICATION_FAILED,Info,,,,,Low,FALSE,DeviceConfiguration Verification Failed,Ok,,
17235987,EVENT_DM_INITIALIZATION_ERROR,Info,,,,,Low,FALSE,'%1' Initialization Error,Ok,,
17235988,EVENT_DM_FILE_OPEN_FAILED,Info,,,,,Low,FALSE,'%1' file open operation failed,Ok,,
17235989,EVENT_DM_FILE_WRITE_FAILED,Info,,,,,Low,FALSE,'%1' file write operation failed,Ok,,
17235990,EVENT_DM_STREAMIN_FAILED,Info,,,,,Low,FALSE,'%1' Stream In Operation failed,Ok,,
17235991,EVENT_DM_STREAMOUT_FAILED,Info,,,,,Low,FALSE,'%1' Stream Out Operation failed,Ok,,
17235992,EVENT_DM_XML_FILE_NOT_EXISTS,Info,,,,,Low,FALSE,'%1' XML file not exists,Ok,,
17235993,EVENT_DM_XML_SERIALIZE_FAILED,Info,,,,,Low,FALSE,'%1' XML Serialization failed,Ok,,
17235994,EVENT_DM_XML_DESERIALIZE_FAILED,Info,,,,,Low,FALSE,'%1' XML De Serialization failed,Ok,,
17235995,EVENT_DM_GV_FAILED,Error,,,,,Low,FALSE,Group verification is failed,,,
17301505,EVENT_DEVICECOMMANDPROCESSOR_INFO_COMMAND_STARTED,Info,,,,,Low,FALSE,,,,
17301506,EVENT_DEVICECOMMANDPROCESSOR_INFO_COMMAND_FINISHED,Info,,,,,Low,FALSE,,,,
17301507,EVENT_DEVICECOMMANDPROCESSOR_ERROR_COMMAND_FAILED,Error,,,,,Low,FALSE,,,,
17301508,EVENT_DEVICECOMMANDPROCESSOR_ERROR_DEVCTRLLAYER,Error,,,,,Low,FALSE,,,,
17301761,EVENT_DEVICECOMMANDPROCESSOR_STRING_INITIALIZATION,Info,,,,,Low,FALSE,,,,
17301762,EVENT_DEVICECOMMANDPROCESSOR_STRING_CONFIGURATION,Info,,,,,Low,FALSE,,,,
17301763,EVENT_DEVICECOMMANDPROCESSOR_STRING_CLEANUP,Info,,,,,Low,FALSE,,,,
17301764,EVENT_DEVICECOMMANDPROCESSOR_STRING_GRAPPLER_REFRUN,Info,,,,,Low,FALSE,,,,
17302017,EVENT_DEVICECOMMANDPROCESSOR_STRING_GRAPPLER_UNKNOWN,Info,,,,,Low,FALSE,,,,
17302018,EVENT_DEVICECOMMANDPROCESSOR_STRING_GRAPPLER_1,Info,,,,,Low,FALSE,,,,
17302019,EVENT_DEVICECOMMANDPROCESSOR_STRING_GRAPPLER_2,Info,,,,,Low,FALSE,,,,
17367041,EVENT_STATEMACHINES_ERROR_TRANSITION_EXISTS,Error,,,,,Low,FALSE,,,,
17367042,EVENT_STATEMACHINES_ERROR_ADD_TRANSITION_FAILED,Error,,,,,Low,FALSE,,,,
17367043,EVENT_STATEMACHINES_ERROR_REMOVE_TRANSITION_FAILED,Error,,,,,Low,FALSE,,,,
17367044,EVENT_STATEMACHINES_ERROR_REMOVE_ALL_TRANSITIONS_FAILED,Error,,,,,Low,FALSE,,,,
17367045,EVENT_STATEMACHINES_ERROR_ADD_STATE_FAILED,Error,,,,,Low,FALSE,,,,
17367046,EVENT_STATEMACHINES_ERROR_REMOVE_STATE_FAILED,Error,,,,,Low,FALSE,,,,
17367047,EVENT_STATEMACHINES_ERROR_REMOVE_CURRENT_STATE,Error,,,,,Low,FALSE,,,,
17367048,EVENT_STATEMACHINES_ERROR_UNKNOWN_STATE,Error,,,,,Low,FALSE,,,,
17498113,EVENT_EXTERNALPROCESSCONTROL_ERROR_LOADING_SETTINGS,Error,,,,,Low,FALSE,,,,
17498114,EVENT_EXTERNALPROCESSCONTROL_ERROR_INITIALIZE_EXTERNAL_PROCESS_DEVICE,Error,,,,,Low,FALSE,,,,
17498115,EVENT_EXTERNALPROCESSCONTROL_ERROR_INITIALIZE_SIMPLE_STATE_MACHINE,Error,,,,,Low,FALSE,,,,
17498116,EVENT_EXTERNALPROCESSCONTROL_ERROR_INITIALIZE_FULL_STATE_MACHINE,Error,,,,,Low,FALSE,,,,
17498117,EVENT_EXTERNALPROCESSCONTROL_ERROR_INITIALIZE_PROCESS_MANAGER,Error,,,,,Low,FALSE,,,,
17498118,EVENT_EXTERNALPROCESSCONTROL_ERROR_CREATOR_FUNCTOR_ALREADY_REGISTERED,Error,,,,,Low,FALSE,,,,
17498119,EVENT_EXTERNALPROCESSCONTROL_ERROR_NO_CREATOR_FUNCTOR_REGISTERED,Error,,,,,Low,FALSE,,,,
17498120,EVENT_EXTERNALPROCESSCONTROL_ERROR_REFERENCE_ALREADY_REGISTERED,Error,,,,,Low,FALSE,,,,
17498121,EVENT_EXTERNALPROCESSCONTROL_ERROR_UNKNOWN_REFERENCE,Error,,,,,Low,FALSE,,,,
17825793,EVENT_EXPORT_DIRECTORY_CREATION_FAILED,Error,,,Export,No,Medium,FALSE,Export failed. Directory creation failed,,,
17825794,EVENT_EXPORT_FILES_NOT_COPIED,Error,,,Export,No,Medium,FALSE,Export failed. File copying failed,,,
17825795,EVENT_EXPORT_UNABLE_TO_CREATE_FILE_RMS_STATUS,Error,,,Export,No,Medium,FALSE,Export failed. Unable to create the RMS_Status.csv file,,,
17825796,EVENT_EXPORT_UNABLE_TO_CREATE_FILE_TEMP_EXPORTCONFIGURATION,Error,,,Export,No,Medium,FALSE,Export failed. Unable to create the TempConfiguration.xml file,,,
17825797,EVENT_EXPORT_UNABLE_TO_READ_FILE_TEMP_EXPORTCONFIGURATION,Error,,,Export,No,Medium,FALSE,Export failed. Unable to read the TempConfiguration.xml file,,,
17825798,EVENT_EXPORT_INIT_CONTAINER_FAILED,Error,,,Export,No,Medium,FALSE,Export failed. Container initialization failed,,,
17825799,EVENT_EXPORT_VERIFICATION_CONTAINER_FAILED,Error,,,Export,No,Medium,FALSE,Export failed. Verification of the container failed,,,
17825800,EVENT_EXPORT_UNABLE_TO_ARCHIVE_FILES,Error,,,Export,No,Medium,FALSE,Export failed. Unable to archive the files,,,
17825801,EVENT_EXPORT_SUCCESS,Info,,,Export,No,High,TRUE,Export successful.,,,
17825802,EVENT_EXPORT_FAILED,Error,,,Export,No,High,TRUE,Export failed.,,,
17825803,EVENT_EXPORT_SOURCE_DIRECTORY_NOT_EXISTS,Error,,,Export,No,Medium,FALSE,Export failed. Source directory does not exist,,,
17825804,EVENT_EXPORT_TARGET_DIRECTORY_NOT_EXISTS,Error,,,Export,No,Medium,FALSE,Export failed. Target directory does not exist,,,
17825805,EVENT_EXPORT_LOG_DIRECTORY_NOT_EXISTS,Error,,,Export,No,Medium,FALSE,Export failed. Log directory does not exist,,,
17825806,EVENT_EXPORT_TARGET_FILE_FORMAT_IS_WRONG,Error,,,Export,No,Medium,FALSE,Export failed. Target file name format is wrong,,,
17825807,EVENT_EXPORT_INVALID_EXPORT,Error,,,Export,No,Medium,FALSE,Export failed. Invalid type of requested export,,,
17825808,EVENT_EXPORT_CRYTOSERVICE_RUNNING,Error,,,Export,No,Medium,FALSE,Export failed. Trying to run more than one Cryptoservice,,,
17825809,EVENT_EXPORT_CANNOT_OPEN_FILE_FOR_READ,Error,,,Export,No,Medium,FALSE,Export failed. Cannot open the file for reading,,,
17825810,EVENT_EXPORT_CANNOT_OPEN_FILE_FOR_WRITE,Error,,,Export,No,Medium,FALSE,Export failed. Cannot open the file for writing,,,
17825811,EVENT_EXPORT_ERROR_TO_READ,Error,,,Export,No,Medium,FALSE,Export failed. Error in reading file,,,
17825812,EVENT_EXPORT_ERROR_TO_WRITE,Error,,,Export,No,Medium,FALSE,Export failed. Error in writing file,,,
17825813,EVENT_EXPORT_INDEX_IS_MATCHING,Error,,,Export,No,Medium,FALSE,Export failed. Hash chain index and USB device indexes are matching,,,
17825814,EVENT_EXPORT_KEY_SIZE_LESS,Error,,,Export,No,Medium,FALSE,Export failed. Key file size is more by comparing with hash block size,,,
17825815,EVENT_EXPORT_KEYDATA_SIZE_IS_NOT_MATCHING,Error,,,Export,No,Medium,FALSE,Export failed. Key file size is not matching with the in-built key file size,,,
17825816,EVENT_EXPORT_HMAC_NOT_INITIALIZED,Error,,,Export,No,Medium,FALSE,Export failed. Hash-based message authentication code is not initialized,,,
17825817,EVENT_EXPORT_AES_NOT_INITIALIZED,Error,,,Export,No,Medium,FALSE,Export failed. Advance Encryption Standard is not initialized,,,
17825818,EVENT_EXPORT_INTEGER_SIZE_IS_MORE,Error,,,Export,No,Medium,FALSE,Export failed. Size of the array shall be either 4 or 2 or 1,,,
17825819,EVENT_EXPORT_MSB_BIT_IS_NOT_SET,Error,,,Export,No,Medium,FALSE,Export failed. Most significat bit not set for calculations,,,
17825820,EVENT_EXPORT_INVALID_FILE_MODE,Error,,,Export,No,Medium,FALSE,Export failed. Wrong file mode is detected,,,
17825821,EVENT_EXPORT_HMAC_COMPUTATION_STARTED,Error,,,Export,No,Medium,FALSE,Export failed. Hash-based message authentication code computation already started,,,
17825822,EVENT_EXPORT_ZIP_ERROR,Error,,,Export,No,Medium,FALSE,Export failed. Unable to zip the files,,,
17825823,EVENT_EXPORT_ZIP_COMMAND_NOT_FOUND,Error,,,Export,No,Medium,FALSE,Export failed. Zip command not found in the system,,,
17825824,EVENT_EXPORT_ZIP_IS_TAKING_LONGTIME,Error,,,Export,No,Medium,FALSE,Export failed. Zip is taking long time to complete the request,,,
17891329,EVENT_PASSWORDMANAGER_NO_USB_DEVICE_EXISTS,Error,,,Main,No,Medium,TRUE,Service authentication failed. No USB device found,Ok,,
17891330,EVENT_PASSWORDMANAGER_KEY_FILE_NOT_FOUND,Error,,,Main,No,Medium,TRUE,Service authentication failed. Unable to read Service Key file from USB,Ok,,
17891331,EVENT_PASSWORDMANAGER_HASH_NOT_MATCHED,Error,,,Main,No,Medium,TRUE,Service authentication failed. Service PIN is invalid,Ok,,
17891332,EVENT_PASSWORDMANAGER_CHECKSUM_NOT_MATCHED,Error,,,Main,No,Medium,TRUE,Service authentication failed. Service Key file is invalid,Ok,,
17891333,EVENT_PASSWORDMANAGER_DATE_IS_EXPIRED,Error,,,Main,No,Medium,TRUE,Service authentication failed. Training date is expired for the entered password,Ok,,
17891334,EVENT_PASSWORDMANAGER_DEVICENAME_NOT_EXISTS,Error,,,Main,No,Medium,TRUE,Service authentication failed. Instrument Device name does not exist in the key file,Ok,,
17891335,EVENT_PASSWORDMANAGER_BASIC_TAG_VALUE_IS_WRONG,Error,,,Main,No,Medium,TRUE,Service authentication failed. Service User is not trained for this instrument,Ok,,
17891336,EVENT_PASSWORDMANAGER_LOG_SERVICE_ID,Info,,,Main,No,Medium,TRUE,Service login successful and the service id is %1,Ok,,
17956865,EVENT_DM_ERROR_INVALID_AGITAION_SPEED,Info,,,,No,Low,FALSE,'%1' is not a valid Agitation Speed,Ok,,
17956866,EVENT_DM_ERROR_INVALID_OVENTEMP,Info,,,,No,Low,FALSE,'%1' is not a valid Oven temperature,Ok,,
17956867,EVENT_DM_ERROR_INVALID_WATERTYPE,Info,,,,No,Low,FALSE,'%1' is not a valid Watertype,Ok,,
17956868,EVENT_DM_INVALID_LEICA_AGITAION_SPEED,Info,,,,No,Low,FALSE,'%1' is not a valid Leica Agitation Speed,Ok,,
17956869,EVENT_DM_INVALID_LEICA_OVENTEMP,Info,,,,No,Low,FALSE,'%1' is not a valid Leica Oven temperature,Ok,,
17956870,EVENT_DM_INVALID_LOADER_REAGENTID,Info,,,,No,Low,FALSE,Invalid Reagent Id in Loader station '%1',Ok,,
17956871,EVENT_DM_ERROR_SOUND_NUMBER_OUT_OF_RANGE,Info,,,,No,Low,FALSE,Error Sound Number values are Out Of Range,Ok,,
17956872,EVENT_DM_ERROR_SOUND_LEVEL_OUT_OF_RANGE,Info,,,,No,Low,FALSE,Error Sound Level values are Out Of Range,Ok,,
17956873,EVENT_DM_WARN_SOUND_NUMBER_OUT_OF_RANGE,Info,,,,No,Low,FALSE,Warning Sound Number values are Out Of Range,Ok,,
17956874,EVENT_DM_WARN_SOUND_LEVEL_OUT_OF_RANGE,Info,,,,No,Low,FALSE,Warning Sound Level values are Out Of Range,Ok,,
33619969,EVENT_RACK_INSERTED,Info,,,,,Low,FALSE,Rack %1 has been inserted,Ok,,
33619970,EVENT_RACK_REMOVED,Info,,,,,Low,FALSE,Rack %1 has been removed,Ok,,
33619971,EVENT_COLORADO_START,Info,,,,,Low,TRUE,Stainer started (serial number is %1 and type is %2),,,
33619972,EVENT_PASSWORD_INCORRECT,Error,,,,No,Medium,TRUE,Login failed. Incorrect password.,Ok,,
33619973,EVENT_PASSWORD_NOT_MATCHING,Error,,,,No,Medium,TRUE,Unable to change the password. Passwords are not matching.,Ok,,
33619974,EVENT_PASSWORD_CHANGED_SUCCESSFULLY,Info,,,,No,Medium,TRUE,Password changed successfully.,Ok,,
33619975,EVENT_PROCESS_COLORADO_GUI_STOPPED,Error,,,,No,High,TRUE,Stainer GUI process has stopped,Ok,,
33619976,EVENT_PROCESS_SEPIA_STOPPED,Error,,,,No,High,TRUE,Sepia process has stopped,Ok,,
33619977,EVENT_STATIONS_DEFECT,Error,,,,No,Medium,TRUE,The Following Station(s) are defect: %n. Programs using defective stations will no longer be startable.,Ok,,
33619978,EVENT_PROCESS_SEPIA_CONNECTED,Info,,,,No,High,TRUE,Coverslipper Device Connected,Ok,,
33619979,EVENT_PROCESS_COLORADO_GUI_CONNECTED,Info,,,,No,High,TRUE,Stainer GUI Connected,,,
33619980,EVENT_DI_WATER_NOT_AVAILABLE,Info,,,,No,High,TRUE,DI water not available.Program(s) using DI water step will no longer be startable.,Ok,,
33619981,EVENT_REAGENT_NOT_PRESENT_IN_BATHLAYOUT,Info,,,,No,High,TRUE,"Program ""%1"" no longer startable since the following Reagent(s) are not available in bathlayout: ""%n""",Ok,,
33619982,EVENT_REAGENT_EXPIRED_PROG_NOT_STARTABLE,Info,,,,No,High,TRUE,"Program ""%1"" no longer startable since Reagent ""%1"" used by the Program expired.",Ok,,
33619983,EVENT_5_SLIDE_REAGENT_USED_FOR_NORMAL_RACK,Info,,,,No,Medium,TRUE,"Please remove rack from Station ""%1"".Program associated with Rack uses the following five slide Reagent(s): %n. Only five slide Rack can use 5 slide reagent.""",Ok,,
33619984,EVENT_REMOVE_RACK_PROG_NOT_STARTABLE,Warning,,,,No,Medium,TRUE,"Program ""%2"" is not startable.Please remove rack from station ""%1""",Ok,,
33619985,EVENT_INITIALIzATION_FAILED,Error,Shutdown,,Main,Yes,High,TRUE,Internal Software Error!.Do you want to restart the system ?,Yes+No,Yes,
33619986,EVENT_5_SLIDE_RACK_WITH_LAST_STEP_TRANSFER,,,,,,,,,,,
33619987,EVENT_COLORADO_DM_GV_FAILED,Error,,,,,Low,FALSE,Group verification is failed,,,
33685505,EVENT_VERIFIER_ERROR_RACK_ALREADY_IN_USE,Error,,,,,Low,FALSE,,,,
33685506,EVENT_VERIFIER_ERROR_PROGRAMSTEP_LEFT,Error,,,,,Low,FALSE,,,,
33685507,EVENT_VERIFIER_ERROR_TIME_UNDERRUN,Error,,,,,Low,FALSE,,,,
33685508,EVENT_VERIFIER_ERROR_TIME_OVERRUN,Error,,,,,Low,FALSE,,,,
33685509,EVENT_VERIFIER_ERROR_RESOURCE_COLLISION,Error,,,,,Low,FALSE,,,,
33685510,EVENT_VERIFIER_ERROR_UNKNOWN_RACK,Error,,,,,Low,FALSE,,,,
33685511,EVENT_VERIFIER_ERROR_PROGRAMSTEP_DURATION,Error,,,,,Low,FALSE,,,,
33751041,EVENT_SCHEDULER_IDLE,Info,Info,,Scheduler,No,MEDIUM,FALSE,Scheduler is idle,,No,
33751042,EVENT_SCHEDULER_UNLOAD_TRAY_OPEN_SCHEDULE_STOPPED,Error,Stop,,Scheduler,Yes,MEDIUM,TRUE,Schedule execution has stopped as unload tray is open,,Yes,
33751043,EVENT_SCHEDULER_UNLOAD_TRAY_OCCUPIED_SCHEDULE_STOPPED,Error,Stop,,Scheduler,Yes,MEDIUM,TRUE,Schedule execution has stopped as unload tray is occupied,,Yes,
33751044,EVENT_SCHEDULER_SCHEDULING_ACTIVE,Info,,,Scheduler,No,MEDIUM,FALSE,Scheduling is active,,No,
33751045,EVENT_SCHEDULER_NEW_SCHEDULE_AVAILABLE,Info,,,Scheduler,No,MEDIUM,FALSE,New schedule is available,,No,
33751046,EVENT_SCHEDULER_MISSED_EXECUTION,Error,Stop,,Scheduler,Yes,MEDIUM,TRUE,Command has not been executed in time,,Yes,
33751047,EVENT_SCHEDULER_LOAD_TRAY_OPEN,Warning,,,Scheduler,Yes,MEDIUM,FALSE,Load tray is open,,Yes,
33751048,EVENT_SCHEDULER_NO_VALID_SOLUTION,Warning,,,Scheduler,Yes,MEDIUM,FALSE,Scheduler has not found any valid solution,,Yes,
33751049,EVENT_SCHEDULER_INVALID_PROGRAM,Warning,,,Scheduler,Yes,MEDIUM,FALSE,Rack %1 with program %2 could not be started,Ok,Yes,
33751050,EVENT_SCHEDULER_EXECUTION_HALTED,Info,,,Scheduler,No,MEDIUM,FALSE,Execution has been suspended,,No,
33751051,EVENT_SCHEDULER_EXECUTION_CONTINUED,Info,,,Scheduler,No,MEDIUM,FALSE,Execution is continuing,,No,
33751052,EVENT_SCHEDULER_STATION_NOT_AVAILABLE,Error,Stop,,Scheduler,Yes,MEDIUM,TRUE,Required station is not available,,Yes,
33751053,EVENT_SCHEDULER_UNLOAD_TRAY_REQUESTED,Info,,,Scheduler,No,MEDIUM,FALSE,First attempt to block unload tray,,No,
33751054,EVENT_SCHEDULER_INVALID_SCHEDULE_DETECTED_BY_VERIFIER,Error,Stop,,Scheduler,Yes,HIGH,TRUE,Verifier has detected an invalid schedule,,Yes,
33751055,EVENT_SCHEDULER_INVALID_EXECUTION_DETECTED_BY_VERIFIER,Error,Stop,,Scheduler,Yes,HIGH,TRUE,Verifier has detected an invalid command '%1' with reason %2,,Yes,
33751056,EVENT_SCHEDULER_COMMAND_FAILED,Error,Stop,,Scheduler,Yes,MEDIUM,TRUE,Execution of command has failed %1,,Yes,
33751057,EVENT_SCHEDULER_COMMAND_TIMEOUT,Error,Stop,,Scheduler,Yes,MEDIUM,TRUE,Command %1 could not be executed in time,Ok,Yes,
33751058,EVENT_SCHEDULER_OVEN_COVER_OPEN,Info,,,Scheduler,No,MEDIUM,FALSE,Oven cover is open,,No,
33751059,EVENT_SCHEDULER_OVEN_COVER_CLOSED,Info,,,Scheduler,No,MEDIUM,FALSE,Oven cover is closed,,No,
33751060,EVENT_SCHEDULER_SKIP_SLIDE_COUNTER_OVEN_COVER_OPEN,Warning,,,Scheduler,Yes,MEDIUM,FALSE,Skipping slide counting as oven cover is open,,Yes,
33751061,EVENT_SCHEDULER_DURATION_DATA_MISSING,Error,Stop,,Scheduler,Yes,MEDIUM,TRUE,Command duration could not be determined,,Yes,
33751062,EVENT_SCHEDULER_NO_VALID_STATION_FOR_SCHEDULING,Error,Stop,,Scheduler,Yes,MEDIUM,TRUE,No station available to schedule step,,Yes,
33751063,EVENT_SCHEDULER_RACK_INSERTED,Info,Busy,,Scheduler,No,MEDIUM,FALSE,Rack %1 will now be scheduled,,No,
33751064,EVENT_SCHEDULER_RACK_REMOVED,Info,Idle,,Scheduler,No,MEDIUM,FALSE,Rack %1 will be removed from schedule,Ok,No,
33751065,EVENT_SCHEDULER_COMMAND_WITHOUT_DURATION,Error,,,Scheduler,Yes,MEDIUM,TRUE,Duration of command is zero,,Yes,
33751066,EVENT_SCHEDULER_EXCEPTION,Info,,,,,MEDIUM,FALSE,,,,
33751067,EVENT_SCHEDULER_UNEXPECTED_ERROR_WHILE_SCHEDULING,Error,,,,,MEDIUM,FALSE,An unexpected error has occurred while scheduling,,,
33751068,EVENT_SCHEDULER_UNDEFINED_COMMAND,Info,,,,,MEDIUM,FALSE,,,,
33751069,EVENT_SCHEDULER_CMD_HEAT_STATION,Info,,,,,MEDIUM,FALSE,Scheduler Command Heat Station %1 with temperature %3,,,
33751070,EVENT_SCHEDULER_CMD_UNHEAT_STATION,Info,,,,,MEDIUM,FALSE,Scheduler Command Unheat Station %1,,,
33751071,EVENT_SCHEDULER_CMD_MOVE_EMPTY,Info,,,,,MEDIUM,FALSE,Scheduler Command Move Empty to station %1,,,
33751072,EVENT_SCHEDULER_CMD_ATTACH,Info,,,,,MEDIUM,FALSE,Scheduler Command Attach rack %2 at station %1,,,
33751073,EVENT_SCHEDULER_CMD_TRANSPORT,Info,,,,,MEDIUM,FALSE,Scheduler Command Transport rack %2 to station %1,,,
33751074,EVENT_SCHEDULER_CMD_DETACH,Info,,,,,MEDIUM,FALSE,Scheduler Command Detach rack %2 at station %1,,,
33751075,EVENT_SCHEDULER_CMD_LOCK_LOAD_TRAY,Info,,,,,MEDIUM,FALSE,Scheduler Command Lock Load Tray,,,
33751076,EVENT_SCHEDULER_CMD_LOCK_UNLOAD_TRAY,Info,,,,,MEDIUM,FALSE,Scheduler Command Lock Unload Tray,,,
33751077,EVENT_SCHEDULER_CMD_TRY_LOCK_UNLOAD_TRAY,Info,,,,,MEDIUM,FALSE,Scheduler Command Try Lock Unload Tray,,,
33751078,EVENT_SCHEDULER_CMD_UNLOCK_LOAD_TRAY,Info,,,,,MEDIUM,FALSE,Scheduler Command Unlock Load Tray,,,
33751079,EVENT_SCHEDULER_CMD_UNLOCK_UNLOAD_TRAY,Info,,,,,MEDIUM,FALSE,Scheduler Command Unlock Unload Tray,,,
33751080,EVENT_SCHEDULER_CMD_FILL_WATER_STATION,Info,,,,,MEDIUM,FALSE,Scheduler Command Fill Water Station %1,,,
33751081,EVENT_SCHEDULER_CMD_DRAIN_WATER_STATION,Info,,,,,MEDIUM,FALSE,Scheduler Command Drain Water Station %1,,,
33751082,EVENT_SCHEDULER_CMD_ACTIVATE_AGITATION,Info,,,,,MEDIUM,FALSE,Scheduler Command Activate Agitation,,,
33751083,EVENT_SCHEDULER_CMD_DEACTIVATE_AGITATION,Info,,,,,MEDIUM,FALSE,Scheduler Command Deactivate Agitation,,,
33751084,EVENT_SCHEDULER_CMD_OPEN_OVEN_COVER,Info,,,,,MEDIUM,FALSE,Scheduler Command Open Oven Cover,,,
33751085,EVENT_SCHEDULER_CMD_CLOSE_OVEN_COVER,Info,,,,,MEDIUM,FALSE,Scheduler Command Close Oven Cover,,,
33751086,EVENT_SCHEDULER_CMD_COUNT_SLIDES,Info,,,,,MEDIUM,FALSE,Scheduler Command Count Slides,,,
33751087,EVENT_SCHEDULER_CMD_MOVE_DOWN,Info,,,,,MEDIUM,FALSE,Scheduler Command Move Down at station %1,,,
33751088,EVENT_SCHEDULER_CMD_MOVE_UP,Info,,,,,MEDIUM,FALSE,Scheduler Command Move Up at station %1,,,
33751089,EVENT_SCHEDULER_CMD_MOVE_DOWN_SLOW,Info,,,,,MEDIUM,FALSE,Scheduler Command Move Down Slow at station %1,,,
33751090,EVENT_SCHEDULER_CMD_MOVE_UP_SLOW,Info,,,,,MEDIUM,FALSE,Scheduler Command Move Up Slow at station %1,,,
33751091,EVENT_SCHEDULER_CMD_CHECK_STATION_READY,Info,,,,,MEDIUM,FALSE,Scheduler Command Check Station Ready at station %1,,,
33751092,EVENT_SCHEDULER_CMD_CHECK_SLIDE_COUNTER_READY,Info,,,,,MEDIUM,FALSE,Scheduler Command Check Slide Counter Ready,,,
33751093,EVENT_SCHEDULER_CMD_STOP_GRIPPER,Info,,,,,MEDIUM,FALSE,Scheduler Command Stop Gripper,,,
33751094,EVENT_SCHEDULER_DURATION_EXCEEDED,Warning,,,,,Low,FALSE,Staining duration may have been exceeded,Ok,,
33751095,EVENT_SCHEDULER_PROGRAM_INVALID_NO_STEP_STATION,Warning,,,,No,Medium,,Program %1 is not valid because step %2 has no station associated to it,,,
33751096,EVENT_SCHEDULER_PROGRAM_INVALID_FIRST_STATION_UNACCESSIBLE,Warning,,,,No,Medium,,Program %1 is not valid because first step is not accessible,,,
33751097,EVENT_SCHEDULER_PROGRAM_INVALID_LAST_STATION_UNACCESSIBLE,Warning,,,,No,Medium,,Program %1 is not valid because last step is not accessible,,,
33751098,EVENT_SCHEDULER_PROGRAM_INVALID_UNKNOWN_STATION,Warning,,,,No,Medium,,Program %1 is not valid because station %2 is unknown,,,
33751099,EVENT_SCHEDULER_PROGRAM_INVALID_STATIONS_SCATTERED,Warning,,,,No,Medium,,Program %1 is not valid because stations %2 and %3 are in different zones,,,
33751100,EVENT_SCHEDULER_PROGRAM_INVALID_STATION_DISABLED,Warning,,,,No,Medium,,Program %1 is not valid because there is no enabled station for step %2,,,
33751101,EVENT_SCHEDULER_PROGRAM_INVALID_STATION_UNACCESSIBLE,Warning,,,,No,Medium,,Program %1 is not valid because station %2 is not accessible,,,
33751102,EVENT_SCHEDULER_FINAL_STATION_UNLOADER,Warning,,,,No,High,TRUE,Final step of rack %1 has changed to unloader,Ok,,
33751103,EVENT_SCHEDULER_FINAL_STATION_TRANSFER,Warning,,,,No,High,TRUE,Final step of rack %1 has changed to Sepia transfer,Ok,,
33751104,EVENT_SCHEDULER_WRONG_RACK_AT_GRAPPLER_1,Error,Stop,,,No,High,TRUE,Wrong rack at grappler 1 (found %1 - expected %2),Ok,,
33751105,EVENT_SCHEDULER_WRONG_RACK_AT_GRAPPLER_2,Error,Stop,,,No,High,TRUE,Wrong rack at grappler 2 (found %1 - expected %2),Ok,,
33751106,EVENT_SCHEDULER_REMOVE_ALL_RACKS,Info,RemoveAllRacks,,,No,High,TRUE,Please remove all racks from device and press Ok when finished,Yes+No,,
33751107,EVENT_SCHEDULER_REQUEST_RACK_REMOVAL,Info,,,,No,High,TRUE,Please remove rack %1,Ok,,
33751108,EVENT_SCHEDULER_REMOVE_RACK,Warning,RemoveRack,,Scheduler,No,High,TRUE,Have you removed rack %1 ?,Ok,,
33751109,EVENT_SCHEDULER_STATION_DEFECT,Error,Stop,,,No,High,TRUE,Cannot continue because station %1 is defect,Ok,,
33751110,EVENT_SCHEDULER_STATION_NOT_READY,Warning,,,Scheduler,No,High,TRUE,Cannot continue because station %1 is not ready,Ok,,
33751111,EVENT_SCHEDULER_RACK_ALREADY_PRESENT,Error,RemoveRack,,Scheduler,No,High,TRUE,Cannot process rack with Id %1 because it has a duplicate already running. Please remove all instances with this rack Id.,Ok,,
33816577,EVENT_DM_INVALID_PROGRAM_ID,Info,,,,No,Medium,TRUE,,,,
33816578,EVENT_DM_PROGRAM_NAME_REPEATED,Info,,,,No,Medium,TRUE,"Program name ""%1"" not unique",,,
33816579,EVENT_DM_SHORT_NAME_REPEATED,Info,,,,No,Medium,TRUE,"Program short name ""%1"" not unique",,,
33816580,EVENT_DM_OVEN_NOT_FIRST_STEP,Info,,,,No,Medium,TRUE,"Please select oven as first step for the program ""%1"".",,,
33816581,EVENT_DM_REAGENTID_NOT_UNIQUE,Info,,,,No,Medium,TRUE,,,,
33816582,EVENT_DM_TRANS_UNLOADER_STEP_ONLY,Info,,,,No,Medium,TRUE,Program cannot contain only Unloader/Transfer program step,,,
33816583,EVENT_DM_CONSTRUCTION_FAILED,Info,Info,,,,No,Medium,TRUE,,,
33816584,EVENT_DM_PROGRAM_XML_READ_FAILED,Info,,,,No,Medium,TRUE,,,,
33816585,EVENT_DM_REAGENT_XML_READ_FAILED,Info,,,,No,Medium,TRUE,,,,
33816586,EVENT_DM_PROG_SEQ_XML_READ_FAILED,Info,,,,No,Medium,TRUE,,,,
33816587,EVENT_DM_STATIONS_XML_READ_FAILED,Info,,,,No,Medium,TRUE,,,,
33816588,EVENT_DM_STATIONGRID_XML_READ_FAILED,Info,,,,No,Medium,TRUE,,,,
33816589,EVENT_DM_STATIONGRID_VERIFICATION_FAILED,Info,,,,No,Medium,TRUE,,,,
33816590,EVENT_DM_STATION_VERIFICATION_FAILED,Info,,,,No,Medium,TRUE,,,,
33816591,EVENT_DM_REAGENT_VERIFICATION_FAILED,Info,,,,No,Medium,TRUE,,,,
33816592,EVENT_DM_PROGRRAM_VERIFICATION_FAILED,Info,,,,No,Medium,TRUE,,,,
33816593,EVENT_DM_PROG_SEQ_VERIFICATION_FAILED,Info,,,,No,Medium,TRUE,,,,
33816594,EVENT_DM_BLG_CONF_READ_FAILED,Info,,,,No,Medium,TRUE,,,,
33816595,EVENT_DM_BLG_CONF_VERIFICATION_FAILED,Info,,,,No,Medium,TRUE,,,,
33816596,EVENT_DM_PROGRAM_INVALID_INDEX,,,,,,,,,,,
33816597,EVENT_DM_PROG_COUNT_EXCEEDS_LIMIT,,,,,,,,,,,
33816598,EVENT_DM_NEXT_STEPID_INVALID,,,,,,,,,,,
33816599,EVENT_DM_NEXT_STEPID_LESS_THAN_ONE,,,,,,,,,,,
33816600,EVENT_DM_PROGRAM_ID_NOT_FOUND,,,,,,,,,,,
33816601,EVENT_DM_PROGSHORT_NAME_LENGTH_CHECK_FAILED,,,,,,,,,,,
33816602,EVENT_DM_PROGLONG_NAME_LENGTH_CHECK_FAILED,,,,,,,,,,,
33816603,EVENT_DM_UKNOWN_PROG_COLOUR,,,,,,,,,,,
33816604,EVENT_DM_PROG_COLOUR_NOT_UNIQUE,,,,,,,,,,,
33816605,EVENT_DM_PROG_STEP_COUNT_EXCEEDS_LIMIT,,,,,,,,,,,
33816606,EVENT_DM_PROG_VERFIER_INVALID_REAGENT_ID,,,,,,,,,,,
33816607,EVENT_DM_REAGENT_USED_IN_MULTIPLE_PROG_STEPS,,,,,,,,,,,
33816608,EVENT_DM_INVALID_STEP_ID,,,,,,,,,,,
33816609,EVENT_DM_INVALID_LEICA_PARALLEL_STN_CNT,,,,,,,,,,,
33816610,EVENT_DM_INTENSITY_STEP_COUNT_INVALID,,,,,,,,,,,
33816611,EVENT_DM_STEP_INTENSITY_VALUE_INVALID,,,,,,,,,,,
33816612,EVENT_DM_STEP_RANGE_LOW_VALUE_EMPTY,,,,,,,,,,,
33816613,EVENT_DM_STEP_RANGE_LOW_ZERO,,,,,,,,,,,
33816614,EVENT_DM_STEP_RANGE_HIGH_VALUE_EMPTY,,,,,,,,,,,
33816615,EVENT_DM_STEP_RANGE_HIGH_ZERO,,,,,,,,,,,
33816616,EVENT_DM_STEP_MIN_DURATION_EMPTY,,,,,,,,,,,
33816617,EVENT_DM_STEP_MIN_DURATION_INVALID,,,,,,,,,,,
33816618,EVENT_DM_STEP_MAX_DURATION_INVALID,,,,,,,,,,,
33816619,EVENT_DM_TIME_TOLERANCE_ZERO,,,,,,,,,,,
33816620,EVENT_DM_PROG_INVALID_DURATION_FORMAT,,,,,,,,,,,
33816621,EVENT_DM_NULL_PTR,,,,,,,,,,,
33816622,EVENT_DM_PROG_LEICA_REAGENT_COUNT,,,,,,,,,,,
33816623,EVENT_DM_PROG_ID_NOT_UNIQUE,,,,,,,,,,,
33816624,EVENT_DM_PROG_DELETE_FAILED_ID_NOT_FOUND,,,,,,,,,,,
33816625,EVENT_DM_REAGENT_ID_LIST_UPDATE_FAILED,,,,,,,,,,,
33816626,EVENT_DM_PROG_DELETE_FAILED_TEXT,,,,,,,,,,,
33816832,EVENT_DM_REAGENT_EVENTS,,,,,,,,,,,
33816833,EVENT_DM_REAGENT_NAME_REPEATED,Info,,,,No,Medium,TRUE,Reagent name '%1' already in use. Please choose different reagent name,,,
33816834,EVENT_DM_REAGENT_SHORT_NAME_REPEATED,Info,,,,No,Medium,TRUE,Reagent Short name '%1' already in use. Please choose different Reagent Short name,,,
33816835,EVENT_DM_REAGENT_ID_REPEATED,Info,,,,No,Medium,TRUE,Reagent ID '%1' already in use. Please choose different Reagent ID,,,
33816836,EVENT_DM_REAGENT_ID_DOESTNOT_EXISTS,Info,,,,No,Medium,TRUE,Reagent ID '%1' does not exists in the list,,,
33816837,EVENT_DM_REAGENT_MAX_COUNT,Info,,,,No,Medium,TRUE,Too many reagents (max 100 allowed):,,,
33816838,EVENT_DM_REAGENT_INVALID_PREFIX,Info,,,,No,Medium,TRUE,"Reagent '%1' Reagent ID doesn't start with S,L,U",,,
33816839,EVENT_DM_REAGENT_SHORTNAME_TOOLONG,Info,,,,No,Medium,TRUE,Reagent '%1' Short Name is too long (max 10 Characters),,,
33816840,EVENT_DM_REAGENT_LONGNAME_TOOLONG,Info,,,,No,Medium,TRUE,Reagent '%1' Long Name is too long (max 32 Characters),,,
33816841,EVENT_DM_REAGENT_MAXSLIDES_REACHED,Info,,,,No,Medium,TRUE,Reagent '%1' The value for Slides max must be equal or less than 3000.,,,
33816842,EVENT_DM_REAGENT_LESS_USE_DAYS,Info,,,,No,Medium,TRUE,Reagent '%1' The value for Days max must be equal or less than 99.,,,
33816843,EVENT_DM_REAGENT_TEMP_NOTIN_LIMIT,Info,,,,No,Medium,TRUE,Reagent '%1' Temperature not in limit (between 37 and 75),,,
33816844,EVENT_DM_REAGENT_HEATING_MODE_UNDEF,Info,,,,No,Medium,TRUE,Reagent '%1' Heating Start mode Undefined,,,
33816845,EVENT_DM_REAGENT_LIST_WRITE_FAILED,Info,,,,No,Medium,TRUE,ReagentList writing failed '%1' reagents,,,
33816846,EVENT_DM_REAGENT_LIST_READ_FAILED,Info,,,,No,Medium,TRUE,ReagentList reading failed '%1' reagents,,,
33816847,EVENT_DM_REAGENT_OPERATION_FAILED,Info,,,,No,Medium,TRUE,%1' operation failed,,,
33816848,EVENT_DM_REAGENT_NAME_UNIQUE,Info,,,,No,Medium,TRUE,Reagent name must be unique.,,,
33816849,EVENT_DM_REAGENT_SHORT_NAME_UNIQUE,Info,,,,No,Medium,TRUE,Short name must be unique.,,,
33816850,EVENT_DM_REAGENT_MAXSLIDES_RANGE,Info,,,,No,Medium,TRUE,The value for Slides max must be equal or less than 3000.,,,
33816851,EVENT_DM_REAGENT_USE_DAYS_RANGE,Info,,,,No,Medium,TRUE,The value for Days max must be equal or less than 99.,,,
33817088,EVENT_DM_GV_REAGENTID_EXIST_IN_PROGRAM_NOT_IN_REAGENT,Error,,,,,Medium,TRUE,"Reagent ID exists in the Program list, not in Reagent list: %1",Ok,,
33817089,EVENT_DM_GV_REAGENTID_EXIST_IN_STATION_NOT_IN_REAGENT,Error,,,,,Medium,TRUE,"Reagent ID exists in Station list, not in Reagenet list : %1",Ok,,
33817090,EVENT_DM_GV_NO_OF_PROGRAMS_NOT_MATCHING,Error,,,,,Medium,TRUE,No of program in Program sequece list does not match with program list,Ok,,
33817091,EVENT_DM_GV_PROGRAM_ID_EXIST_IN_STATION_NOT_IN_PROGRAM,Error,,,,,Medium,TRUE,"Program ID exists in the Program sequence list, not in Program list : %1",OK,,
33817092,EVENT_DM_GV_REAGENTID_EXIST_IN_SETTINGS_NOT_IN_REAGENT,Error,,,,,Medium,TRUE,"Reagent ID exist in User settings, not in the Reagent list: %1",Ok,,
33817093,EVENT_DM_GV_STATIONID_EXIST_IN_STATION_NOT_IN_STATIONMATRIX,Error,,,,,Medium,TRUE,"Station ID exist in Station list, not in Station matrix : %1",Ok,,
33882113,EVENT_BLG_GENERATION_SUCCESS,Info,,,,No,High,TRUE,Bath layout successfully generated,Ok,,
33882114,EVENT_BLG_READING_INPUTFILE_FAILED,Error,,,,No,High,FALSE,BLG failed : one or more Invalid Input files,,,
33882115,EVENT_BLG_USED_PROGRAM_LIST_EMPTY,Error,,,,No,High,TRUE,BLG failed : Used programs list is empty,Ok,,
33882116,EVENT_BLG_EMPTY_BLGRULES_LIST,Error,,,,No,High,FALSE,BLG failed : Empty BLG rules,,,
33882117,EVENT_BLG_WRITING_OUTPUT_FILES_FAILED,Error,,,,No,High,FALSE,BLG failed : Writing output files,,,
33882120,EVENT_BLG_BATHLAYOUT_SELECTION_FAILED_TREE_EMPTY,Error,,,,No,High,FALSE,BLG failed : Final bathlayout selection failed,,,
33882122,EVENT_BLG_GENERATION_FAILURE,Error,,,,No,High,TRUE,Bathlayout generation failed,Ok,,
33882123,EVENT_BLG_READING_STATIONS_FAILED,Info,,,,,Low,,,,,
33882124,EVENT_BLG_STATIONS_VERIFY_FAILED,Info,,,,,Low,,,,,
33882125,EVENT_BLG_READING_PROG_SEQ_FAILED,Info,,,,,Low,,,,,
33882126,EVENT_BLG_PROG_SEQ_VERIFY_FAILED,Info,,,,,Low,,,,,
33882127,EVENT_BLG_ERROR_STATION_NULL_POINTER,,,,,,,,,,,
33882128,EVENT_BLG_ERROR_CONTAINER_NULL_POINTER,,,,,,,,,,,
33947649,EVENT_IMPORTEXPORT_NO_USB,Error,,,Import/Export,No,High,TRUE,No USB devices found in the system to import files,Ok,,
33947650,EVENT_IMPORT_DIRECTORY_CREATION_FAILED,Error,,,ImportExport,No,High,TRUE,Import is failed. Directory creation failed,,,
33947651,EVENT_IMPORT_NO_USB_DIRECTORY_EXIST,Error,,,ImportExport,No,High,TRUE,Import is failed. There is no USB directory exists in /mnt folder,,,
33947652,EVENT_IMPORT_NO_FILES_TO_IMPORT,Error,,,ImportExport,No,High,TRUE,Import is failed. There are no files to Import the data,Ok,,
33947653,EVENT_IMPORT_ARCHIVE_FILE_FORMAT_NOT_PROPER,Error,,,ImportExport,No,High,TRUE,Import is failed. Format of import file is wrong,,,
33947654,EVENT_IMPORT_TAMPERED_ARCHIVE_FILE,Error,,,ImportExport,No,High,TRUE,Import is failed. Archive file is tampered,,,
33947655,EVENT_IMPORT_REQUIRED_FILES_NOT_AVAILABLE,Error,,,ImportExport,No,High,TRUE,Import is failed. Required files are not available to Import,,,
33947656,EVENT_IMPORT_SWVERSION_NOT_MATCHING,Error,,,ImportExport,No,High,TRUE,Import is failed. SW versions are not matching to Import the files,Ok,,
33947657,EVENT_IMPORT_INIT_CONTAINER_FAILED,Error,,,ImportExport,No,High,TRUE,Import is failed. Container initialization failed,,,
33947658,EVENT_IMPORT_VERIFICATION_CONTAINER_FAILED,Error,,,ImportExport,No,High,TRUE,Import is failed. Verification of the container failed,,,
33947659,EVENT_IMPORT_ROLLBACK_FAILED,Error,,,ImportExport,No,High,TRUE,Import is failed. Rollback failed,,,
33947660,EVENT_IMPORT_UPDATE_ROLLBACK_FAILED,Error,,,ImportExport,No,High,TRUE,Import is failed. Updating rollback failed,,,
33947661,EVENT_IMPORT_NEW_EVENTSTRING_FILE_MISSING,Info,,,ImportExport,No,High,TRUE,Files for language import are not available,,,
33947662,EVENT_IMPORT_SUCCESS,Info,,,ImportExport,No,High,TRUE,Import is successful. Please generate new bathlayout,Ok,,
33947663,EVENT_IMPORT_SUCCESS_LANGUAGE,Info,,,ImportExport,No,High,TRUE,Import is successful. Language files are updated,Ok,,
33947664,EVENT_IMPORT_FAILED,Error,,,ImportExport,No,High,,Import is failed,Ok,,
33947665,EVENT_IMPORTEXPORT_THREADRUNNING,,,,,,,,,,,
34013185,EVENT_RMS_BOTTLE_SCAN_TIMEOUT,Info,,,,,Low,,,,,
34013186,EVENT_RMS_KIT_SCAN_TIMEOUT,Info,,,,,Low,,,,,
34013187,EVENT_RMS_KIT_SCANNED_ALREADY,Info,,,,,Low,,,,,
34013188,EVENT_RMS_BOTTLE_SCANNED_ALREADY,Info,,,,,Low,,,,,
34013189,EVENT_RMS_BLG_GEN_FAILED,Info,,,,,Low,,,,,
34013190,EVENT_RMS_KIT_BEST_BEFORE_EXPIRED,Info,,,,,Low,,,,,
34013191,EVENT_RMS_INVALID_KIT_PROG_ID,Info,,,,,Low,,,,,
34013192,EVENT_RMS_BOTTLE_SCAN_ERROR,Error,,,,,Low,,,,,
34013193,EVENT_RMS_WRITE_STATIONS_FAILED,Error,,,,,Low,,,,,
34013194,EVENT_RMS_DATA_VERIFICATION_FAILED,Info,,,,,Low,,,,,
34013195,EVENT_RMS_INVALID_SCAN_ORDER,Info,,,,,Low,,,,,
34013196,EVENT_RMS_BOTTLE_DATA_ERROR,Error,,,,,Low,,,,,
34013198,EVENT_RMS_ERROR_DATA_CONTAINER_NULL_POINTER,,,,,,,,,,,
34013199,EVENT_RMS_ERROR_UPDATE_STATION,,,,,,,,,,,
34013200,EVENT_RMS_NO_STATION_PRESENT,,,,,,,,,,,
34013201,EVENT_RMS_NO_REAGENT_PRESENT,,,,,,,,,,,
34013202,EVENT_RMS_ERROR_UPDATE_REAGENT,,,,,,,,,,,
34013203,EVENT_RMS_REAGENT_ERROR_NULL_POINTER,,,,,,,,,,,
34013204,EVENT_RMS_LEICA_REAGENT_BEST_BEFORE_DATE_EXPIRED,Warning,,,,No,Medium,,The best before date of a Leica reagent has expired,Ok,,
34013205,EVENT_RMS_REAGENT_ID_NOT_VALID,,,,,,,,,,,
34013206,EVENT_RMS_STATION_ID_NOT_VALID,,,,,,,,,,,
34013207,EVENT_RMS_REAGENT_ID_NOT_PRESENT,,,,,,,,,,,
34013208,EVENT_RMS_LOT_NUMBER_NOT_PRESENT_IN_KIT,,,,,,,,,,,
34013209,EVENT_RMS_ERROR_CONFIRM_LEICA_REAGENT,,,,,,,,,,,
34013210,EVENT_RMS_ERROR_CONFIRM_BATHLAYOUT,,,,,,,,,,,
34013211,EVENT_RMS_ERROR_RESET_STATION_RMS,,,,,,,,,,,
34013212,EVENT_RMS_ERROR_UPDATE_REAGENT_CONTAINER,,,,,,,,,,,
34013213,EVENT_RMS_ERROR_UPDATE_STATION_CONTAINER,,,,,,,,,,,
34013214,EVENT_RMS_ERROR_NO_MORE_BOTTLES_IN_KIT,,,,,,,,,,,
34013215,EVENT_RMS_ERROR_UPDATE_CONTAINERS,,,,,,,,,,,
34013216,EVENT_RMS_STATIONLIST_VERIFICATION_FAILED,,,,,,,,,,,
34078721,EVENT_COLORADO_SEPIA_CONNECTED_NOT_WORKSTATION,,,,,,,,,,,
50397185,ERROR_DCL_DEVCTRL_START_COMM,Error,,,,,Low,FALSE,,,,
50397186,ERROR_DCL_DEVCTRL_READCONFIG,Error,,,,,Low,FALSE,,,,
50397187,EVENT_DCL_DEVCTRL_START_DIAG,Info,,,,,Low,FALSE,,,,
50397188,EVENT_DCL_DEVCTRL_START_NORMAL_OP,Info,,,,,Low,FALSE,,,,
50397189,EVENT_DCL_DEVCTRL_BREAK_NORMAL_OP,Info,,,,,Low,FALSE,,,,
50397190,ERROR_DCL_DEVCTRL_ACTIVATE_TASK_FAILED,Error,,,,,Low,FALSE,,,,
50397191,ERROR_DCL_DEVCTRL_HEARTBEAT_ERROR,Error,,,,,Low,FALSE,,,,
50528257,ERROR_DCL_CONFIG_CAN_MESSAGE_ASSIGN,Error,,,,,Low,FALSE,,,,
50528272,ERROR_DCL_CONFIG_HW_CFG_OPEN_FAILED,Error,,,,,Low,FALSE,,,,
50528273,ERROR_DCL_CONFIG_HW_CFG_PARSE_ERROR,Error,,,,,Low,FALSE,,,,
50528274,ERROR_DCL_CONFIG_HW_CFG_FORMAT_ERROR,Error,,,,,Low,FALSE,,,,
50528275,ERROR_DCL_CONFIG_HW_CFG_VERSION_ERROR,Error,,,,,Low,FALSE,,,,
50528276,ERROR_DCL_CONFIG_HW_CFG_FORMAT_ERROR_MST,Error,,,,,Low,FALSE,,,,
50528277,ERROR_DCL_CONFIG_HW_CFG_FORMAT_ERROR_CAN,Error,,,,,Low,FALSE,,,,
50528278,ERROR_DCL_CONFIG_HW_CFG_FORMAT_ERROR_SLV,Error,,,,,Low,FALSE,,,,
50528279,ERROR_DCL_CONFIG_HW_CFG_FORMAT_ERROR_FCT,Error,,,,,Low,FALSE,,,,
50528280,ERROR_DCL_CONFIG_HW_CFG_FORMAT_ERROR_DEV,Error,,,,,Low,FALSE,,,,
50528288,ERROR_DCL_CONFIG_CAN_MSG_CFG_OPEN_FAILED,Error,,,,,Low,FALSE,,,,
50528289,ERROR_DCL_CONFIG_CAN_MSG_CFG_PARSE_ERROR,Error,,,,,Low,FALSE,,,,
50528290,ERROR_DCL_CONFIG_CAN_MSG_CFG_FORMAT_ERROR,Error,,,,,Low,FALSE,,,,
50528291,ERROR_DCL_CONFIG_CAN_MSG_CFG_VERSION_ERROR,Error,,,,,Low,FALSE,,,,
50528292,ERROR_DCL_CONFIG_CAN_MSG_CFG_FORMAT_ERROR_BASE,Error,,,,,Low,FALSE,,,,
50528293,ERROR_DCL_CONFIG_CAN_MSG_CFG_FORMAT_ERROR_FCT,Error,,,,,Low,FALSE,,,,
50528294,ERROR_DCL_CONFIG_CAN_MSG_CFG_FORMAT_ERROR_MSG,Error,,,,,Low,FALSE,,,,
50528304,ERROR_DCL_CONFIG_PROCSETTING_OPEN_FAILED,Error,,,,,Low,FALSE,,,,
50528305,ERROR_DCL_CONFIG_PROCSETTING_PARSE_ERROR,Error,,,,,Low,FALSE,,,,
50528306,ERROR_DCL_CONFIG_PROCSETTING_FORMAT_ERROR,Error,,,,,Low,FALSE,,,,
50528307,ERROR_DCL_CONFIG_PROCSETTING_VERSION_ERROR,Error,,,,,Low,FALSE,,,,
50528320,ERROR_DCL_CONFIG_CAN_NODE_IDLE_TIMEOUT,Error,,,,,Low,FALSE,,,,
50528321,ERROR_DCL_CONFIG_CAN_NODE_ERROR,Error,,,,,Low,FALSE,,,,
50528336,ERROR_DCL_CONFIG_DEVICE_TYPE_INVALID,Error,,,,,Low,FALSE,,,,
50528337,ERROR_DCL_CONFIG_FINISHED,Error,,,,,Low,FALSE,,,,
50659329,ERROR_DCL_CANBUS_WRITE,Error,,,,,Low,FALSE,,,,
50724865,ERROR_DCL_DIAG_FINISHED,Error,,,,,Low,FALSE,,,,
50790401,ERROR_DCL_NODE_TIMEOUT_INIT,Error,,,,,Low,FALSE,,,,
50790402,ERROR_DCL_NODE_TIMEOUT_CONFIG,Error,,,,,Low,FALSE,,,,
50790403,ERROR_DCL_NODE_INIT_WRONG_CHANNEL_COUNT,Error,,,,,Low,FALSE,,,,
50790404,ERROR_DCL_NODE_CONFIG_INVALID_MODULE,Error,,,,,Low,FALSE,,,,
50790405,ERROR_DCL_NODE_CONFIG_UNEXP_CANMSG,Error,,,,,Low,FALSE,,,,
50790406,ERROR_DCL_NODE_TIMEOUT_FCT_CONFIG,Error,,,,,Low,FALSE,,,,
50790407,ERROR_DCL_NODE_HEARTBEAT_TIMEOUT,Error,,,,,Low,FALSE,,,,
50790408,ERROR_DCL_NODE_HARDWAREID_INTERVALL,Error,,,,,Low,FALSE,,,,
50790409,ERROR_DCL_NODE_HWID_REC_INVALID_STATE,Error,,,,,Low,FALSE,,,,
50790410,ERROR_DCL_NODE_INVALID_STATE,Error,,,,,Low,FALSE,,,,
50790411,ERROR_DCL_NODE_NULL_PTR_ACCESS,Error,,,,,Low,FALSE,,,,
50790412,ERROR_DCL_NODE_FCT_CALL_FAILED,Error,,,,,Low,FALSE,,,,
50790413,ERROR_DCL_NODE_CANMSG_INVALID_DLC,Error,,,,,Low,FALSE,,,,
50790414,EVENT_DCL_INODE_SET_NODE_STATE_FCTCALL_FAILED,Info,,,,,Low,FALSE,,,,
50790415,EVENT_DCL_NODE_SET_NODE_STATE_CANMSG_NOT_SEND,Info,,,,,Low,FALSE,,,,
50790426,EVENT_DCL_NODE_SET_NODE_STATE_CANMSG_TIMEOUT,Info,,,,,Low,FALSE,,,,
50790427,EVENT_DCL_INODE_REQ_NODE_STATE_FCTCALL_FAILED,Info,,,,,Low,FALSE,,,,
50790428,EVENT_DCL_NODE_REQ_NODE_STATE_CANMSG_NOT_SEND,Info,,,,,Low,FALSE,,,,
50790429,EVENT_DCL_NODE_REQ_NODE_STATE_CANMSG_TIMEOUT,Info,,,,,Low,FALSE,,,,
50790431,EVENT_DCL_INODE_REQ_EMCY_STOP_FCTCALL_FAILED,Info,,,,,Low,FALSE,,,,
50790432,EVENT_DCL_NODE_REQ_EMCY_STOP_CANMSG_NOT_SEND,Info,,,,,Low,FALSE,,,,
50790433,EVENT_DCL_NODE_REQ_EMCY_STOP_CANMSG_TIMEOUT,Info,,,,,Low,FALSE,,,,
50790434,EVENT_DCL_INODE_REQ_RESET_FCTCALL_FAILED,Info,,,,,Low,FALSE,,,,
50790435,EVENT_DCL_NODE_REQ_RESET_CANMSG_NOT_SEND,Info,,,,,Low,FALSE,,,,
50790436,EVENT_DCL_NODE_REQ_RESET_CANMSG_TIMEOUT,Info,,,,,Low,FALSE,,,,
50790437,EVENT_DCL_INODE_CONV_STATISTICS_FCTCALL_FAILED,Info,,,,,Low,FALSE,,,,
50790438,EVENT_DCL_NODE_CONV_STATISTICS_CANMSG_NOT_SEND,Info,,,,,Low,FALSE,,,,
50790439,EVENT_DCL_NODE_CONV_STATISTICS_CANMSG_TIMEOUT,Info,,,,,Low,FALSE,,,,
50790440,EVENT_DCL_INODE_REQ_DATA_RESET_FCTCALL_FAILED,Info,,,,,Low,FALSE,,,,
50790441,EVENT_DCL_NODE_REQ_DATA_RESET_CANMSG_NOT_SEND,Info,,,,,Low,FALSE,,,,
50790442,EVENT_DCL_NODE_REQ_DATA_RESET_CANMSG_TIMEOUT,Info,,,,,Low,FALSE,,,,
50790443,EVENT_DCL_INODE_REQ_FORMAT_MEM_FCTCALL_FAILED,Info,,,,,Low,FALSE,,,,
50790444,EVENT_DCL_NODE_REQ_FORMAT_MEM_CANMSG_NOT_SEND,Info,,,,,Low,FALSE,,,,
50790445,EVENT_DCL_NODE_REQ_FORMAT_MEM_CANMSG_TIMEOUT,Info,,,,,Low,FALSE,,,,
50790446,EVENT_DCL_INODE_REQ_SER_NB_FCTCALL_FAILED,Info,,,,,Low,FALSE,,,,
50790447,EVENT_DCL_NODE_REQ_SER_NB_CANMSG_NOT_SEND,Info,,,,,Low,FALSE,,,,
50790448,EVENT_DCL_NODE_REQ_SER_NB_CANMSG_TIMEOUT,Info,,,,,Low,FALSE,,,,
50790449,EVENT_DCL_INODE_REQ_END_TEST_RES_FCTCALL_FAILED,Info,,,,,Low,FALSE,,,,
50790450,EVENT_DCL_NODE_REQ_END_TEST_RES_CANMSG_NOT_SEND,Info,,,,,Low,FALSE,,,,
50790451,EVENT_DCL_NODE_REQ_END_TEST_RES_CANMSG_TIMEOUT,Info,,,,,Low,FALSE,,,,
50790452,EVENT_DCL_INODE_REQ_HW_INFO_FCTCALL_FAILED,Info,,,,,Low,FALSE,,,,
50790453,EVENT_DCL_NODE_REQ_HW_INFO_CANMSG_NOT_SEND,Info,,,,,Low,FALSE,,,,
50790454,EVENT_DCL_NODE_REQ_HW_INFO_CANMSG_TIMEOUT,Info,,,,,Low,FALSE,,,,
50790455,EVENT_DCL_INODE_REQ_SW_INFO_FCTCALL_FAILED,Info,,,,,Low,FALSE,,,,
50790456,EVENT_DCL_NODE_REQ_SW_INFO_CANMSG_NOT_SEND,Info,,,,,Low,FALSE,,,,
50790457,EVENT_DCL_NODE_REQ_SW_INFO_CANMSG_TIMEOUT,Info,,,,,Low,FALSE,,,,
50790464,EVENT_DCL_INODE_REQ_LOADER_INFO_FCTCALL_FAILED,Info,,,,,Low,FALSE,,,,
50790465,EVENT_DCL_NODE_REQ_LOADER_INFO_CANMSG_NOT_SEND,Info,,,,,Low,FALSE,,,,
50790466,EVENT_DCL_NODE_REQ_LOADER_INFO_CANMSG_TIMEOUT,Info,,,,,Low,FALSE,,,,
50790467,EVENT_DCL_INODE_REQ_LIFECYC_DATA_FCTCALL_FAILED,Info,,,,,Low,FALSE,,,,
50790468,EVENT_DCL_NODE_REQ_LIFECYC_DATA_CANMSG_NOT_SEND,Info,,,,,Low,FALSE,,,,
50790469,EVENT_DCL_NODE_REQ_LIFECYC_DATA_CANMSG_TIMEOUT,Info,,,,,Low,FALSE,,,,
50790470,EVENT_DCL_INODE_REQ_LAUNCH_DATE_FCTCALL_FAILED,Info,,,,,Low,FALSE,,,,
50790471,EVENT_DCL_NODE_REQ_LAUNCH_DATE_CANMSG_NOT_SEND,Info,,,,,Low,FALSE,,,,
50790472,EVENT_DCL_NODE_REQ_LAUNCH_DATE_CANMSG_TIMEOUT,Info,,,,,Low,FALSE,,,,
50790473,EVENT_DCL_INODE_REQ_BOARD_NAME_FCTCALL_FAILED,Info,,,,,Low,FALSE,,,,
50790474,EVENT_DCL_NODE_REQ_BOARD_NAME_CANMSG_NOT_SEND,Info,,,,,Low,FALSE,,,,
50790475,EVENT_DCL_NODE_REQ_BOARD_NAME_CANMSG_TIMEOUT,Info,,,,,Low,FALSE,,,,
50790476,EVENT_DCL_INODE_REQ_BOARD_OPT_FCTCALL_FAILED,Info,,,,,Low,FALSE,,,,
50790477,EVENT_DCL_NODE_REQ_BOARD_OPT_CANMSG_NOT_SEND,Info,,,,,Low,FALSE,,,,
50790478,EVENT_DCL_NODE_REQ_BOARD_OPT_CANMSG_TIMEOUT,Info,,,,,Low,FALSE,,,,
50790479,EVENT_DCL_INODE_CONV_VOLTAGE_MON_FCTCALL_FAILED,Info,,,,,Low,FALSE,,,,
50790480,EVENT_DCL_NODE_CONV_VOLTAGE_MON_CANMSG_NOT_SEND,Info,,,,,Low,FALSE,,,,
50790481,EVENT_DCL_NODE_CONV_VOLTAGE_MON_CANMSG_TIMEOUT,Info,,,,,Low,FALSE,,,,
50790482,EVENT_DCL_INODE_REQ_VOLT_STATE_FCTCALL_FAILED,Info,,,,,Low,FALSE,,,,
50790483,EVENT_DCL_NODE_REQ_VOLT_STATE_CANMSG_NOT_SEND,Info,,,,,Low,FALSE,,,,
50790484,EVENT_DCL_NODE_REQ_VOLT_STATE_CANMSG_TIMEOUT,Info,,,,,Low,FALSE,,,,
50790485,EVENT_DCL_INODE_CONV_CURRENT_MON_FCTCALL_FAILED,Info,,,,,Low,FALSE,,,,
50790486,EVENT_DCL_NODE_CONV_CURRENT_MON_CANMSG_NOT_SEND,Info,,,,,Low,FALSE,,,,
50790487,EVENT_DCL_NODE_CONV_CURRENT_MON_CANMSG_TIMEOUT,Info,,,,,Low,FALSE,,,,
50790488,EVENT_DCL_INODE_REQ_CURR_STATE_FCTCALL_FAILED,Info,,,,,Low,FALSE,,,,
50790489,EVENT_DCL_NODE_REQ_CURR_STATE_CANMSG_NOT_SEND,Info,,,,,Low,FALSE,,,,
50790490,EVENT_DCL_NODE_REQ_CURR_STATE_CANMSG_TIMEOUT,Info,,,,,Low,FALSE,,,,
50790491,EVENT_DCL_INODE_REQ_UNIQUE_NB_FCTCALL_FAILED,Info,,,,,Low,FALSE,,,,
50790492,EVENT_DCL_NODE_REQ_UNIQUE_NB_CANMSG_NOT_SEND,Info,,,,,Low,FALSE,,,,
50790493,EVENT_DCL_NODE_REQ_UNIQUE_NB_CANMSG_TIMEOUT,Info,,,,,Low,FALSE,,,,
50855937,ERROR_DCL_FCTMOD_DIG_INP_CANMSG_INVALID_DLC,Error,,,,,Low,FALSE,,,,
50855952,ERROR_DCL_IFCTMOD_DIG_INP_REQ_ACTINP_FCTCALL_FAILED,Error,,,,,Low,FALSE,,,,
50855953,ERROR_DCL_FCTMOD_DIG_INP_REQ_ACTINP_CANMSG_NOT_SEND,Error,,,,,Low,FALSE,,,,
50855954,ERROR_DCL_FCTMOD_DIG_INP_REQ_ACTINP_CANMSG_TIMEOUT,Error,,,,,Low,FALSE,,,,
50921473,ERROR_DCL_FCTMOD_DIG_OUTP_CANMSG_INVALID_DLC,Error,,,,,Low,FALSE,,,,
50921488,ERROR_DCL_IFCTMOD_DIG_OUTP_SET_OUTP_FCTCALL_FAILED,Error,,,,,Low,FALSE,,,,
50921489,ERROR_DCL_FCTMOD_DIG_OUTP_SET_OUTP_CANMSG_NOT_SEND,Error,,,,,Low,FALSE,,,,
50921490,ERROR_DCL_FCTMOD_DIG_OUTP_SET_OUTP_CANMSG_TIMEOUT,Error,,,,,Low,FALSE,,,,
50921504,ERROR_DCL_IFCTMOD_DIG_OUTP_REQ_OUTP_FCTCALL_FAILED,Error,,,,,Low,FALSE,,,,
50921505,ERROR_DCL_FCTMOD_DIG_OUTP_REQ_OUTP_CANMSG_NOT_SEND,Error,,,,,Low,FALSE,,,,
50921506,ERROR_DCL_FCTMOD_DIG_OUTP_REQ_OUTP_CANMSG_TIMEOUT,Error,,,,,Low,FALSE,,,,
50921520,ERROR_DCL_IFCTMOD_DIG_OUTP_REQ_LIFE_FCTCALL_FAILED,Error,,,,,Low,FALSE,,,,
50921521,ERROR_DCL_FCTMOD_DIG_OUTP_REQ_LIFE_CANMSG_NOT_SEND,Error,,,,,Low,FALSE,,,,
50921522,ERROR_DCL_FCTMOD_DIG_OUTP_REQ_LIFE_CANMSG_TIMEOUT,Error,,,,,Low,FALSE,,,,
50987009,ERROR_DCL_FCTMOD_ANA_INP_CANMSG_ANA_INP_DLC,Error,,,,,Low,FALSE,,,,
50987024,ERROR_DCL_IFCTMOD_ANA_INP_REQ_ACTINP_FCTCALL_FAILED,Error,,,,,Low,FALSE,,,,
50987025,ERROR_DCL_FCTMOD_ANA_INP_REQ_ACTINP_FCTCALL_FAILED,Error,,,,,Low,FALSE,,,,
50987026,ERROR_DCL_FCTMOD_ANA_INP_REQ_ACTINP_CANMSG_NOT_SEND,Error,,,,,Low,FALSE,,,,
50987027,ERROR_DCL_FCTMOD_ANA_INP_REQ_ACTINP_CANMSG_TIMEOUT,Error,,,,,Low,FALSE,,,,
51052545,ERROR_DCL_FCTMOD_ANA_OUTP_CANMSG_ANA_OUTP_DLC,Error,,,,,Low,FALSE,,,,
51052560,ERROR_DCL_IFCTMOD_ANA_OUTP_SET_OUTP_FCTCALL_FAILED,Error,,,,,Low,FALSE,,,,
51052561,ERROR_DCL_FCTMOD_ANA_OUTP_SET_OUTP_CANMSG_NOT_SEND,Error,,,,,Low,FALSE,,,,
51052562,ERROR_DCL_FCTMOD_ANA_OUTP_SET_OUTP_CANMSG_INVALID,Error,,,,,Low,FALSE,,,,
51052576,ERROR_DCL_IFCTMOD_ANA_OUTP_REQ_OUTP_FCTCALL_FAILED,Error,,,,,Low,FALSE,,,,
51052577,ERROR_DCL_FCTMOD_ANA_OUTP_REQ_OUTP_CANMSG_NOT_SEND,Error,,,,,Low,FALSE,,,,
51052578,ERROR_DCL_FCTMOD_ANA_OUTP_REQ_OUTP_CANMSG_INVALID,Error,,,,,Low,FALSE,,,,
51052579,ERROR_DCL_FCTMOD_ANA_OUTP_REQ_OUTP_TIMEOUT,Error,,,,,Low,FALSE,,,,
51052580,ERROR_DCL_IFCTMOD_ANA_OUTP_REQ_LIVE_FCTCALL_FAILED,Error,,,,,Low,FALSE,,,,
51052581,ERROR_DCL_FCTMOD_ANA_OUTP_REQ_LIVE_CANMSG_NOT_SEND,Error,,,,,Low,FALSE,,,,
51052582,ERROR_DCL_FCTMOD_ANA_OUTP_REQ_LIVE_CANMSG_INVALID,Error,,,,,Low,FALSE,,,,
51052583,ERROR_DCL_FCTMOD_ANA_OUTP_REQ_LIVE_TIMEOUT,Error,,,,,Low,FALSE,,,,
51183617,EVENT_DCL_FCTMOD_MOTOR_NULL_PTR_ACCESS,Info,,,,,Low,FALSE,,,,
51183618,EVENT_DCL_IFCTMOD_MOTOR_NULL_PTR_ACCESS,Info,,,,,Low,FALSE,,,,
51183619,ERROR_DCL_FCTMOD_MOTOR_INVALID_MAIN_TASK_STATE,Error,,,,,Low,FALSE,,,,
51183620,ERROR_DCL_FCTMOD_MOTOR_CANMSG_INVALID_DLC,Error,,,,,Low,FALSE,,,,
51183632,EVENT_DCL_IFCTMOD_MOTOR_SET_STATE_FCTCALL_FAILED,Info,,,,,Low,FALSE,,,,
51183633,EVENT_DCL_FCTMOD_MOTOR_SET_STATE_CANMSG_NOT_SEND,Info,,,,,Low,FALSE,,,,
51183634,EVENT_DCL_FCTMOD_MOTOR_SET_STATE_CANMSG_TIMEOUT,Info,,,,,Low,FALSE,,,,
51183635,EVENT_DCL_FCTMOD_MOTOR_SET_STATE_INVALID_STATE,Info,,,,,Low,FALSE,,,,
51183636,EVENT_DCL_IFCTMOD_MOTOR_SET_STATE_INVALID_STATE,Info,,,,,Low,FALSE,,,,
51183648,EVENT_DCL_IFCTMOD_MOTOR_REFRUN_FCTCALL_FAILED,Info,,,,,Low,FALSE,,,,
51183649,EVENT_DCL_FCTMOD_MOTOR_REFRUN_CANMSG_NOT_SEND,Info,,,,,Low,FALSE,,,,
51183650,EVENT_DCL_FCTMOD_MOTOR_REFRUN_CANMSG_TIMEOUT,Info,,,,,Low,FALSE,,,,
51183651,EVENT_DCL_FCTMOD_MOTOR_REFRUN_INVALID_STATE,Info,,,,,Low,FALSE,,,,
51183652,EVENT_DCL_IFCTMOD_MOTOR_REFRUN_INVALID_STATE,Info,,,,,Low,FALSE,,,,
51183664,EVENT_DCL_IFCTMOD_MOTOR_POSREQ_FCTCALL_FAILED,Info,,,,,Low,FALSE,,,,
51183665,EVENT_DCL_FCTMOD_MOTOR_POSREQ_CANMSG_NOT_SEND,Info,,,,,Low,FALSE,,,,
51183666,EVENT_DCL_FCTMOD_MOTOR_POSREQ_CANMSG_TIMEOUT,Info,,,,,Low,FALSE,,,,
51183667,EVENT_DCL_FCTMOD_MOTOR_POSREQ_INVALID_STATE,Info,,,,,Low,FALSE,,,,
51183668,EVENT_DCL_IFCTMOD_MOTOR_POSREQ_INVALID_STATE,Info,,,,,Low,FALSE,,,,
51183680,EVENT_DCL_FCTMOD_MOTOR_ACTPOSREQ_FCTCALL_FAILED,Info,,,,,Low,FALSE,,,,
51183681,EVENT_DCL_FCTMOD_MOTOR_ACTPOSREQ_CANMSG_NOT_SEND,Info,,,,,Low,FALSE,,,,
51183682,EVENT_DCL_FCTMOD_MOTOR_ACTPOSREQ_CANMSG_TIMEOUT,Info,,,,,Low,FALSE,,,,
51183683,EVENT_DCL_FCTMOD_MOTOR_ACTPOSREQ_INVALID_STATE,Info,,,,,Low,FALSE,,,,
51183684,EVENT_DCL_IFCTMOD_MOTOR_ACTPOSREQ_INVALID_STATE,Info,,,,,Low,FALSE,,,,
51183696,EVENT_DCL_FCTMOD_MOTOR_ACTSPDREQ_FCTCALL_FAILED,Info,,,,,Low,FALSE,,,,
51183697,EVENT_DCL_FCTMOD_MOTOR_ACTSPDREQ_CANMSG_NOT_SEND,Info,,,,,Low,FALSE,,,,
51183698,EVENT_DCL_FCTMOD_MOTOR_ACTSPDREQ_CANMSG_TIMEOUT,Info,,,,,Low,FALSE,,,,
51183699,EVENT_DCL_FCTMOD_MOTOR_ACTSPDREQ_INVALID_STATE,Info,,,,,Low,FALSE,,,,
51183700,EVENT_DCL_IFCTMOD_MOTOR_ACTSPDREQ_INVALID_STATE,Info,,,,,Low,FALSE,,,,
51183712,EVENT_DCL_FCTMOD_MOTOR_SPDREQ_FCTCALL_FAILED,Info,,,,,Low,FALSE,,,,
51183713,EVENT_DCL_FCTMOD_MOTOR_SPDREQ_CANMSG_NOT_SEND,Info,,,,,Low,FALSE,,,,
51183714,EVENT_DCL_FCTMOD_MOTOR_SPDREQ_CANMSG_TIMEOUT,Info,,,,,Low,FALSE,,,,
51183715,EVENT_DCL_FCTMOD_MOTOR_SPDREQ_INVALID_STATE,Info,,,,,Low,FALSE,,,,
51183716,EVENT_DCL_IFCTMOD_MOTOR_SPDREQ_INVALID_STATE,Info,,,,,Low,FALSE,,,,
51183729,EVENT_DCL_FCTMOD_MOTOR_LIFECYCLEDATA_CANMSG_NOT_SEND,Info,,,,,Low,FALSE,,,,
51183730,EVENT_DCL_FCTMOD_MOTOR_LIFECYCLEDATA_CANMSG_TIMEOUT,Info,,,,,Low,FALSE,,,,
51183732,EVENT_DCL_IFCTMOD_MOTOR_LIFECYCLEDATA_INVALID_STATE,Info,,,,,Low,FALSE,,,,
51249153,ERROR_DCL_FCTMOD_RFID11785_CANMSG_INVALID_DLC,Error,,,,,Low,FALSE,,,,
51249168,ERROR_DCL_IFCTMOD_RFID11785_SET_CONFIG_FCTCALL_FAILED,Error,,,,,Low,FALSE,,,,
51249169,ERROR_DCL_FCTMOD_RFID11785_SET_CONFIG_CANMSG_NOT_SEND,Error,,,,,Low,FALSE,,,,
51249170,ERROR_DCL_FCTMOD_RFID11785_SET_CONFIG_CANMSG_TIMEOUT,Error,,,,,Low,FALSE,,,,
51249184,ERROR_DCL_IFCTMOD_RFID11785_LOGIN_FCTCALL_FAILED,Error,,,,,Low,FALSE,,,,
51249185,ERROR_DCL_FCTMOD_RFID11785_LOGIN_CANMSG_NOT_SEND,Error,,,,,Low,FALSE,,,,
51249186,ERROR_DCL_FCTMOD_RFID11785_LOGIN_CANMSG_TIMEOUT,Error,,,,,Low,FALSE,,,,
51249200,ERROR_DCL_IFCTMOD_RFID11785_READ_DATA_FCTCALL_FAILED,Error,,,,,Low,FALSE,,,,
51249201,ERROR_DCL_FCTMOD_RFID11785_READ_DATA_CANMSG_NOT_SEND,Error,,,,,Low,FALSE,,,,
51249202,ERROR_DCL_FCTMOD_RFID11785_READ_DATA_CANMSG_TIMEOUT,Error,,,,,Low,FALSE,,,,
51249216,ERROR_DCL_IFCTMOD_RFID11785_READ_UID_FCTCALL_FAILED,Error,,,,,Low,FALSE,,,,
51249217,ERROR_DCL_FCTMOD_RFID11785_READ_UID_CANMSG_NOT_SEND,Error,,,,,Low,FALSE,,,,
51249218,ERROR_DCL_FCTMOD_RFID11785_READ_UID_CANMSG_TIMEOUT,Error,,,,,Low,FALSE,,,,
51249232,ERROR_DCL_IFCTMOD_RFID11785_WRITE_DATA_FCTCALL_FAILED,Error,,,,,Low,FALSE,,,,
51249233,ERROR_DCL_FCTMOD_RFID11785_WRITE_DATA_CANMSG_NOT_SEND,Error,,,,,Low,FALSE,,,,
51249234,ERROR_DCL_FCTMOD_RFID11785_WRITE_DATA_CANMSG_TIMEOUT,Error,,,,,Low,FALSE,,,,
51314689,ERROR_DCL_FCTMOD_RFID15693_CANMSG_INVALID_DLC,Error,,,,,Low,FALSE,,,,
51314704,ERROR_DCL_IFCTMOD_RFID15693_SET_CONFIG_FCTCALL_FAILED,Error,,,,,Low,FALSE,,,,
51314705,ERROR_DCL_FCTMOD_RFID15693_SET_CONFIG_CANMSG_NOT_SEND,Error,,,,,Low,FALSE,,,,
51314706,ERROR_DCL_FCTMOD_RFID15693_SET_CONFIG_CANMSG_TIMEOUT,Error,,,,,Low,FALSE,,,,
51314720,ERROR_DCL_IFCTMOD_RFID15693_ACQUIRE_UID_FCTCALL_FAILED,Error,,,,,Low,FALSE,,,,
51314721,ERROR_DCL_FCTMOD_RFID15693_ACQUIRE_UID_CANMSG_NOT_SEND,Error,,,,,Low,FALSE,,,,
51314722,ERROR_DCL_FCTMOD_RFID15693_ACQUIRE_UID_CANMSG_TIMEOUT,Error,,,,,Low,FALSE,,,,
51314736,ERROR_DCL_IFCTMOD_RFID15693_SET_UID_FCTCALL_FAILED,Error,,,,,Low,FALSE,,,,
51314737,ERROR_DCL_FCTMOD_RFID15693_SET_UID_CANMSG_NOT_SEND,Error,,,,,Low,FALSE,,,,
51314738,ERROR_DCL_FCTMOD_RFID15693_SET_UID_CANMSG_TIMEOUT,Error,,,,,Low,FALSE,,,,
51314752,ERROR_DCL_IFCTMOD_RFID15693_REQUEST_UID_FCTCALL_FAILED,Error,,,,,Low,FALSE,,,,
51314753,ERROR_DCL_FCTMOD_RFID15693_REQUEST_UID_CANMSG_NOT_SEND,Error,,,,,Low,FALSE,,,,
51314754,ERROR_DCL_FCTMOD_RFID15693_REQUEST_UID_CANMSG_TIMEOUT,Error,,,,,Low,FALSE,,,,
51314768,ERROR_DCL_IFCTMOD_RFID15693_READ_BLOCK_FCTCALL_FAILED,Error,,,,,Low,FALSE,,,,
51314769,ERROR_DCL_FCTMOD_RFID15693_READ_BLOCK_CANMSG_NOT_SEND,Error,,,,,Low,FALSE,,,,
51314770,ERROR_DCL_FCTMOD_RFID15693_READ_BLOCK_CANMSG_TIMEOUT,Error,,,,,Low,FALSE,,,,
51314784,ERROR_DCL_IFCTMOD_RFID15693_WRITE_BLOCK_FCTCALL_FAILED,Error,,,,,Low,FALSE,,,,
51314785,ERROR_DCL_FCTMOD_RFID15693_WRITE_BLOCK_CANMSG_NOT_SEND,Error,,,,,Low,FALSE,,,,
51314786,ERROR_DCL_FCTMOD_RFID15693_WRITE_BLOCK_CANMSG_TIMEOUT,Error,,,,,Low,FALSE,,,,
51314800,ERROR_DCL_IFCTMOD_RFID15693_LOCK_BLOCK_FCTCALL_FAILED,Error,,,,,Low,FALSE,,,,
51314801,ERROR_DCL_FCTMOD_RFID15693_LOCK_BLOCK_CANMSG_NOT_SEND,Error,,,,,Low,FALSE,,,,
51314802,ERROR_DCL_FCTMOD_RFID15693_LOCK_BLOCK_CANMSG_TIMEOUT,Error,,,,,Low,FALSE,,,,
51380225,EVENT_DCL_FCTMOD_TEMP_NULL_PTR_ACCESS,Info,,,,,Low,FALSE,,,,
51380226,EVENT_DCL_IFCTMOD_TEMP_NULL_PTR_ACCESS,Info,,,,,Low,FALSE,,,,
51380227,ERROR_DCL_FCTMOD_TEMP_INVALID_MAIN_TASK_STATE,Error,,,,,Low,FALSE,,,,
51380228,ERROR_DCL_FCTMOD_TEMP_CANMSG_INVALID_DLC,Error,,,,,Low,FALSE,,,,
51380240,EVENT_DCL_IFCTMOD_TEMP_SET_TEMP_FCTCALL_FAILED,Info,,,,,Low,FALSE,,,,
51380241,EVENT_DCL_FCTMOD_TEMP_SET_TEMP_CANMSG_NOT_SEND,Info,,,,,Low,FALSE,,,,
51380242,EVENT_DCL_FCTMOD_TEMP_SET_TEMP_INVALID_STATE,Info,,,,,Low,FALSE,,,,
51380243,EVENT_DCL_IFCTMOD_TEMP_SET_TEMP_INVALID_STATE,Info,,,,,Low,FALSE,,,,
51380256,EVENT_DCL_IFCTMOD_TEMP_REQ_ACTTEMP_FCTCALL_FAILED,Info,,,,,Low,FALSE,,,,
51380257,EVENT_DCL_FCTMOD_TEMP_REQ_ACTTEMP_CANMSG_NOT_SEND,Info,,,,,Low,FALSE,,,,
51380258,EVENT_DCL_FCTMOD_TEMP_REQ_ACTTEMP_CANMSG_TIMEOUT,Info,,,,,Low,FALSE,,,,
51380259,EVENT_DCL_FCTMOD_TEMP_REQ_ACTTEMP_INVALID_STATE,Info,,,,,Low,FALSE,,,,
51380260,EVENT_DCL_IFCTMOD_TEMP_REQ_ACTTEMP_INVALID_STATE,Info,,,,,Low,FALSE,,,,
51380272,EVENT_DCL_IFCTMOD_TEMP_SET_OPMODE_FCTCALL_FAILED,Info,,,,,Low,FALSE,,,,
51380273,EVENT_DCL_FCTMOD_TEMP_SET_OPMODE_CANMSG_NOT_SEND,Info,,,,,Low,FALSE,,,,
51380275,EVENT_DCL_FCTMOD_TEMP_SET_OPMODE_INVALID_STATE,Info,,,,,Low,FALSE,,,,
51380276,EVENT_DCL_IFCTMOD_TEMP_SET_OPMODE_INVALID_STATE,Info,,,,,Low,FALSE,,,,
51380288,EVENT_DCL_IFCTMOD_TEMP_REQ_OPMODE_FCTCALL_FAILED,Info,,,,,Low,FALSE,,,,
51380289,EVENT_DCL_FCTMOD_TEMP_REQ_OPMODE_CANMSG_NOT_SEND,Info,,,,,Low,FALSE,,,,
51380290,EVENT_DCL_FCTMOD_TEMP_REQ_OPMODE_CANMSG_TIMEOUT,Info,,,,,Low,FALSE,,,,
51380291,EVENT_DCL_FCTMOD_TEMP_REQ_OPMODE_INVALID_STATE,Info,,,,,Low,FALSE,,,,
51380292,EVENT_DCL_IFCTMOD_TEMP_REQ_OPMODE_INVALID_STATE,Info,,,,,Low,FALSE,,,,
51380304,EVENT_DCL_IFCTMOD_TEMP_SET_STATUS_FCTCALL_FAILED,Info,,,,,Low,FALSE,,,,
51380305,EVENT_DCL_FCTMOD_TEMP_SET_STATUS_CANMSG_NOT_SEND,Info,,,,,Low,FALSE,,,,
51380306,EVENT_DCL_FCTMOD_TEMP_SET_STATUS_INVALID_STATE,Info,,,,,Low,FALSE,,,,
51380307,EVENT_DCL_IFCTMOD_TEMP_SET_STATUS_INVALID_STATE,Info,,,,,Low,FALSE,,,,
51380320,EVENT_DCL_IFCTMOD_TEMP_REQ_STATUS_FCTCALL_FAILED,Info,,,,,Low,FALSE,,,,
51380321,EVENT_DCL_FCTMOD_TEMP_REQ_STATUS_CANMSG_NOT_SEND,Info,,,,,Low,FALSE,,,,
51380322,EVENT_DCL_FCTMOD_TEMP_REQ_STATUS_CANMSG_TIMEOUT,Info,,,,,Low,FALSE,,,,
51380323,EVENT_DCL_FCTMOD_TEMP_REQ_STATUS_INVALID_STATE,Info,,,,,Low,FALSE,,,,
51380324,EVENT_DCL_IFCTMOD_TEMP_REQ_STATUS_INVALID_STATE,Info,,,,,Low,FALSE,,,,
51380325,EVENT_DCL_FCTMOD_TEMP_DCL_INVALID_IDLE_STATE,Info,,,,,Low,FALSE,,,,
51380326,EVENT_DCL_FCTMOD_TEMP_DCL_TIMEOUT_CANMSG,Info,,,,,Low,FALSE,,,,
51445761,ERROR_DCL_FCTMOD_JSTCK_CANMSG_INVALID_DLC,Error,,,,,Low,FALSE,,,,
51445776,ERROR_DCL_IFCTMOD_JSTCK_REQ_INPUT_FCTCALL_FAILED,Error,,,,,Low,FALSE,,,,
51445777,ERROR_DCL_FCTMOD_JSTCK_REQ_INPUT_CANMSG_NOT_SEND,Error,,,,,Low,FALSE,,,,
51445778,ERROR_DCL_FCTMOD_JSTCK_REQ_INPUT_CANMSG_TIMEOUT,Error,,,,,Low,FALSE,,,,
51445792,ERROR_DCL_IFCTMOD_JSTCK_SET_CONTACT_LMT_FCTCALL_FAILED,Error,,,,,Low,FALSE,,,,
51445793,ERROR_DCL_FCTMOD_JSTCK_SET_CONTACT_LMT_CANMSG_NOT_SEND,Error,,,,,Low,FALSE,,,,
51445794,ERROR_DCL_FCTMOD_JSTCK_SET_CONTACT_LMT_CANMSG_TIMEOUT,Error,,,,,Low,FALSE,,,,
51511297,ERROR_DCL_FCTMOD_UART_CANMSG_INVALID_DLC,Error,,,,,Low,FALSE,,,,
51511312,ERROR_DCL_IFCTMOD_UART_SEND_DATA_FCTCALL_FAILED,Error,,,,,Low,FALSE,,,,
51511313,ERROR_DCL_FCTMOD_UART_SEND_DATA_CANMSG_NOT_SEND,Error,,,,,Low,FALSE,,,,
51511314,ERROR_DCL_FCTMOD_UART_SEND_DATA_ACKN_CANMSG_TIMEOUT,Error,,,,,Low,FALSE,,,,
51511328,ERROR_DCL_IFCTMOD_UART_REQ_REC_DATA_FCTCALL_FAILED,Error,,,,,Low,FALSE,,,,
51511329,ERROR_DCL_FCTMOD_UART_REQ_REC_DATA_CANMSG_NOT_SEND,Error,,,,,Low,FALSE,,,,
51511330,ERROR_DCL_FCTMOD_UART_REQ_REC_DATA_CANMSG_TIMEOUT,Error,,,,,Low,FALSE,,,,
52297729,ERROR_DCL_IGRAPPLER_DEV_INVALID_STATE,Error,,,,,Low,FALSE,,,,
52297730,ERROR_DCL_IGRAPPLER_DEV_NULL_PTR_ACCESS,Error,,,,,Low,FALSE,,,,
52297744,ERROR_DCL_GRAPPLER_DEV_INVALID_TASKID,Error,,,,,Low,FALSE,,,,
52297745,ERROR_DCL_GRAPPLER_DEV_INVALID_STATE,Error,,,,,Low,FALSE,,,,
52297746,ERROR_DCL_GRAPPLER_DEV_NULL_PTR_ACCESS,Error,,,,,Low,FALSE,,,,
52297747,ERROR_DCL_GRAPPLER_DEV_INIT_FCT_ALLOC_FAILED,Error,,,,,Low,FALSE,,,,
52297748,ERROR_DCL_GRAPPLER_DEV_CONFIG_CONNECT_FAILED,Error,,,,,Low,FALSE,,,,
52297749,ERROR_DCL_GRAPPLER_DEV_FCTMODULES_ERROR,Error,,,,,Low,FALSE,,,,
52297750,EVENT_DCL_IGRAPPLER_DEV_REQREFRUN_FCT_CALL_FAILED,Info,,,,,Low,FALSE,,,,
52297751,EVENT_DCL_GRAPPLER_DEV_REQREFRUN_FCT_CALL_FAILED,Info,,,,,Low,FALSE,,,,
52297752,EVENT_DCL_IGRAPPLER_DEV_REQ_ACTION_FCT_CALL_FAILED,Info,,,,,Low,FALSE,,,,
52297753,EVENT_DCL_GRAPPLER_DEV_REQACTPOS_FCT_CALL_FAILED,Info,,,,,Low,FALSE,,,,
52297760,EVENT_DCL_GRAPPLER_DEV_CALCSTEPS_FCT_CALL_FAILED,Info,,,,,Low,FALSE,,,,
52297761,EVENT_DCL_GRAPPLER_DEV_ADJUSTMENT_READ_FAILED,Info,,,,,Low,FALSE,,,,
52297762,EVENT_DCL_GRAPPLER_DEV_ADJUSTMENT_PARSE_ERROR,Error,,,,,Low,FALSE,,,,
52297763,EVENT_DCL_GRAPPLER_DEV_ADJUSTMENT_DOCTYPE_ERROR,Error,,,,,Low,FALSE,,,,
52297764,EVENT_DCL_GRAPPLER_DEV_ADJUSTMENT_VERSION_ERROR,Error,,,,,Low,FALSE,,,,
52297765,EVENT_DCL_GRAPPLER_DEV_ADJUSTMENT_FORMAT_ERROR,Error,,,,,Low,FALSE,,,,
52297766,EVENT_DCL_GRAPPLER_DEV_LAYOUT_READ_FAILED,Info,,,,,Low,FALSE,,,,
52297767,EVENT_DCL_GRAPPLER_DEV_LAYOUT_PARSE_ERROR,Error,,,,,Low,FALSE,,,,
52297768,EVENT_DCL_GRAPPLER_DEV_LAYOUT_DOCTYPE_ERROR,Error,,,,,Low,FALSE,,,,
52297769,EVENT_DCL_GRAPPLER_DEV_LAYOUT_VERSION_ERROR,Error,,,,,Low,FALSE,,,,
52297776,EVENT_DCL_GRAPPLER_DEV_LAYOUT_FORMAT_ERROR,Error,,,,,Low,FALSE,,,,
52363265,ERROR_DCL_IAGITATION_DEV_INVALID_STATE,Error,,,,,Low,FALSE,,,,
52363266,ERROR_DCL_IAGITATION_DEV_NULL_PTR_ACCESS,Error,,,,,Low,FALSE,,,,
52363280,ERROR_DCL_AGITATION_DEV_INVALID_TASKID,Error,,,,,Low,FALSE,,,,
52363281,ERROR_DCL_AGITATION_DEV_INVALID_STATE,Error,,,,,Low,FALSE,,,,
52363282,ERROR_DCL_AGITATION_DEV_NULL_PTR_ACCESS,Error,,,,,Low,FALSE,,,,
52363283,ERROR_DCL_AGITATION_DEV_INIT_FCT_ALLOC_FAILED,Error,,,,,Low,FALSE,,,,
52363284,ERROR_DCL_AGITATION_DEV_CONFIG_CONNECT_FAILED,Error,,,,,Low,FALSE,,,,
52363285,ERROR_DCL_AGITATION_DEV_FCTMODULES_ERROR,Error,,,,,Low,FALSE,,,,
52363286,ERROR_DCL_IAGITATION_DEV_REFRUN_FCTCALL_FAILED,Error,,,,,Low,FALSE,,,,
52363287,ERROR_DCL_AGITATION_DEV_REFRUN_FCTCALL_FAILED,Error,,,,,Low,FALSE,,,,
52363288,ERROR_DCL_AGITATION_DEV_REFRUN_TIMEOUT,Error,,,,,Low,FALSE,,,,
52363289,ERROR_DCL_IAGITATION_DEV_SET_SPEED_FCTCALL_FAILED,Error,,,,,Low,FALSE,,,,
52363296,ERROR_DCL_AGITATION_DEV_SET_SPEED_FCTCALL_FAILED,Error,,,,,Low,FALSE,,,,
52363297,ERROR_DCL_AGITATION_DEV_SET_SPEED_TIMEOUT,Error,,,,,Low,FALSE,,,,
52363298,ERROR_DCL_IAGITATION_DEV_REQ_ACTPOS_FCTCALL_FAILED,Error,,,,,Low,FALSE,,,,
52363299,ERROR_DCL_AGITATION_DEV_REQ_ACTPOS_FCTCALL_FAILED,Error,,,,,Low,FALSE,,,,
52363300,ERROR_DCL_AGITATION_DEV_REQ_ACTPOS_TIMEOUT,Error,,,,,Low,FALSE,,,,
52363301,ERROR_DCL_IAGITATION_DEV_REQ_ACTSPD_FCTCALL_FAILED,Error,,,,,Low,FALSE,,,,
52363302,ERROR_DCL_AGITATION_DEV_REQ_ACTSPD_FCTCALL_FAILED,Error,,,,,Low,FALSE,,,,
52363303,ERROR_DCL_AGITATION_DEV_REQ_ACTSPD_TIMEOUT,Error,,,,,Low,FALSE,,,,
52428801,ERROR_DCL_IRACKTFR_DEV_INVALID_STATE,Error,,,,,Low,FALSE,,,,
52428802,ERROR_DCL_IRACKTFR_DEV_NULL_PTR_ACCESS,Error,,,,,Low,FALSE,,,,
52428816,ERROR_DCL_RACKTFR_DEV_INVALID_TASKID,Error,,,,,Low,FALSE,,,,
52428817,ERROR_DCL_RACKTFR_DEV_INVALID_STATE,Error,,,,,Low,FALSE,,,,
52428818,ERROR_DCL_RACKTFR_DEV_NULL_PTR_ACCESS,Error,,,,,Low,FALSE,,,,
52428819,EVENT_DCL_RACKTFR_DEV_INIT_FCT_ALLOC_FAILED,Info,,,,,Low,FALSE,,,,
52428820,EVENT_DCL_RACKTFR_DEV_CONFIG_CONNECT_FAILED,Info,,,,,Low,FALSE,,,,
52428821,EVENT_DCL_RACKTFR_DEV_FCTMODULES_ERROR,Error,,,,,Low,FALSE,,,,
52428822,ERROR_DCL_IRACKTFR_DEV_REQ_REFRUN_FCTCALL_FAILED,Error,,,,,Low,FALSE,,,,
52428823,ERROR_DCL_RACKTFR_DEV_REQ_REFRUN_FCTCALL_FAILED,Error,,,,,Low,FALSE,,,,
52428824,ERROR_DCL_RACKTFR_DEV_REQ_REFRUN_TIMEOUT,Error,,,,,Low,FALSE,,,,
52428825,ERROR_DCL_IRACKTFR_DEV_SET_ADAPTER_POS_FCTCALL_FAILED,Error,,,,,Low,FALSE,,,,
52428832,ERROR_DCL_RACKTFR_DEV_SET_ADAPTER_POS_FCTCALL_FAILED,Error,,,,,Low,FALSE,,,,
52428833,ERROR_DCL_RACKTFR_DEV_SET_ADAPTER_POS_TIMEOUT,Error,,,,,Low,FALSE,,,,
52428834,ERROR_DCL_IRACKTFR_DEV_REQ_ACTPOS_FCTCALL_FAILED,Error,,,,,Low,FALSE,,,,
52428835,ERROR_DCL_RACKTFR_DEV_REQ_ACTPOS_FCTCALL_FAILED,Error,,,,,Low,FALSE,,,,
52428836,ERROR_DCL_RACKTFR_DEV_REQ_ACTPOS_TIMEOUT,Error,,,,,Low,FALSE,,,,
52494337,ERROR_DCL_IOVEN_DEV_INVALID_STATE,Error,,,,,Low,FALSE,,,,
52494338,ERROR_DCL_IOVEN_DEV_NULL_PTR_ACCESS,Error,,,,,Low,FALSE,,,,
52494352,ERROR_DCL_OVEN_DEV_INVALID_TASKID,Error,,,,,Low,FALSE,,,,
52494353,ERROR_DCL_OVEN_DEV_INVALID_STATE,Error,,,,,Low,FALSE,,,,
52494354,ERROR_DCL_OVEN_DEV_NULL_PTR_ACCESS,Error,,,,,Low,FALSE,,,,
52494355,ERROR_DCL_OVEN_DEV_INIT_FCT_ALLOC_FAILED,Error,,,,,Low,FALSE,,,,
52494356,ERROR_DCL_OVEN_DEV_CONFIG_CONNECT_FAILED,Error,,,,,Low,FALSE,,,,
52494357,ERROR_DCL_OVEN_DEV_FCTMODULES_ERROR,Error,,,,,Low,FALSE,,,,
52494358,ERROR_DCL_IOVEN_DEV_COVER_REFRUN_FCTCALL_FAILED,Error,,,,,Low,FALSE,,,,
52494359,ERROR_DCL_OVEN_DEV_COVER_REFRUN_FCTCALL_FAILED,Error,,,,,Low,FALSE,,,,
52494360,ERROR_DCL_OVEN_DEV_COVER_REFRUN_TIMEOUT,Error,,,,,Low,FALSE,,,,
52494361,ERROR_DCL_IOVEN_DEV_REQ_COVER_MOVE_FCTCALL_FAILED,Error,,,,,Low,FALSE,,,,
52494368,ERROR_DCL_OVEN_DEV_REQ_COVER_MOVE_FCTCALL_FAILED,Error,,,,,Low,FALSE,,,,
52494369,ERROR_DCL_OVEN_DEV_REQ_COVER_MOVE_TIMEOUT,Error,,,,,Low,FALSE,,,,
52494370,ERROR_DCL_IOVEN_DEV_REQ_COVER_ACTPOS_FCTCALL_FAILED,Error,,,,,Low,FALSE,,,,
52494371,ERROR_DCL_OVEN_DEV_REQ_COVER_ACTPOS_FCTCALL_FAILED,Error,,,,,Low,FALSE,,,,
52494372,ERROR_DCL_OVEN_DEV_REQ_COVER_ACTPOS_TIMEOUT,Error,,,,,Low,FALSE,,,,
52494373,ERROR_DCL_IOVEN_DEV_REQ_ACTTEMP_FCTCALL_FAILED,Error,,,,,Low,FALSE,,,,
52494374,ERROR_DCL_OVEN_DEV_REQ_ACTTEMP_FCTCALL_FAILED,Error,,,,,Low,FALSE,,,,
52494375,ERROR_DCL_OVEN_DEV_REQ_ACTTEMP_TIMEOUT,Error,,,,,Low,FALSE,,,,
52494376,ERROR_DCL_IOVEN_DEV_SET_TEMP_FCTCALL_FAILED,Error,,,,,Low,FALSE,,,,
52494377,ERROR_DCL_OVEN_DEV_SET_TEMP_FCTCALL_FAILED,Error,,,,,Low,FALSE,,,,
52494384,ERROR_DCL_OVEN_DEV_SET_TEMP_TIMEOUT,Error,,,,,Low,FALSE,,,,
52494385,ERROR_DCL_IOVEN_DEV_SET_STATUS_FCTCALL_FAILED,Error,,,,,Low,FALSE,,,,
52494386,ERROR_DCL_OVEN_DEV_SET_STATUS_FCTCALL_FAILED,Error,,,,,Low,FALSE,,,,
52494387,ERROR_DCL_OVEN_DEV_SET_STATUS_TIMEOUT,Error,,,,,Low,FALSE,,,,
52494388,ERROR_DCL_IOVEN_DEV_REQ_STATUS_FCTCALL_FAILED,Error,,,,,Low,FALSE,,,,
52494389,ERROR_DCL_OVEN_DEV_REQ_STATUS_FCTCALL_FAILED,Error,,,,,Low,FALSE,,,,
52494390,ERROR_DCL_OVEN_DEV_REQ_STATUS_TIMEOUT,Error,,,,,Low,FALSE,,,,
52559873,ERROR_DCL_ILOADER_DEV_INVALID_STATE,Error,,,,,Low,FALSE,,,,
52559874,ERROR_DCL_ILOADER_DEV_NULL_PTR_ACCESS,Error,,,,,Low,FALSE,,,,
52559888,ERROR_DCL_LOADER_DEV_INVALID_TASKID,Error,,,,,Low,FALSE,,,,
52559889,ERROR_DCL_LOADER_DEV_INVALID_STATE,Error,,,,,Low,FALSE,,,,
52559890,ERROR_DCL_LOADER_DEV_NULL_PTR_ACCESS,Error,,,,,Low,FALSE,,,,
52559891,ERROR_DCL_LOADER_DEV_INIT_FCT_ALLOC_FAILED,Error,,,,,Low,FALSE,,,,
52559892,ERROR_DCL_LOADER_DEV_CONFIG_CONNECT_FAILED,Error,,,,,Low,FALSE,,,,
52559893,ERROR_DCL_LOADER_DEV_FCTMODULES_ERROR,Error,,,,,Low,FALSE,,,,
52559894,ERROR_DCL_LOADER_DEV_UNKNOWN_ERROR,Error,,,,,Low,FALSE,,,,
52559895,ERROR_DCL_ILOADER_DEV_REQ_REFRUN_FCTCALL_FAILED,Error,,,,,Low,FALSE,,,,
52559896,ERROR_DCL_LOADER_DEV_REQ_REFRUN_FCTCALL_FAILED,Error,,,,,Low,FALSE,,,,
52559897,ERROR_DCL_LOADER_DEV_REQ_REFRUN_TIMEOUT,Error,,,,,Low,FALSE,,,,
52559904,ERROR_DCL_ILOADER_DEV_SET_DRAWER_POS_FCTCALL_FAILED,Error,,,,,Low,FALSE,,,,
52559905,ERROR_DCL_LOADER_DEV_SET_DRAWER_POS_FCTCALL_FAILED,Error,,,,,Low,FALSE,,,,
52559906,ERROR_DCL_LOADER_DEV_SET_DRAWER_POS_TIMEOUT,Error,,,,,Low,FALSE,,,,
52559907,ERROR_DCL_ILOADER_DEV_REQ_DRAWER_POS_FCTCALL_FAILED,Error,,,,,Low,FALSE,,,,
52559908,ERROR_DCL_LOADER_DEV_REQ_DRAWER_POS_FCTCALL_FAILED,Error,,,,,Low,FALSE,,,,
52559909,ERROR_DCL_LOADER_DEV_REQ_DRAWER_POS_TIMEOUT,Error,,,,,Low,FALSE,,,,
52559910,ERROR_DCL_ILOADER_DEV_REQ_RFID_DATA_FCTCALL_FAILED,Error,,,,,Low,FALSE,,,,
52559911,ERROR_DCL_LOADER_DEV_REQ_RFID_DATA_FCTCALL_FAILED,Error,,,,,Low,FALSE,,,,
52559912,ERROR_DCL_LOADER_DEV_REQ_RFID_DATA_TIMEOUT,Error,,,,,Low,FALSE,,,,
52559913,ERROR_DCL_ILOADER_DEV_SET_BLK_STATE_FCTCALL_FAILED,Error,,,,,Low,FALSE,,,,
52559920,ERROR_DCL_LOADER_DEV_SET_BLK_STATE_FCTCALL_FAILED,Error,,,,,Low,FALSE,,,,
52559936,ERROR_DCL_LOADER_DEV_OPEN,Error,,,,,Low,FALSE,Loader has been opened,,,
52559937,ERROR_DCL_LOADER_DEV_CLOSED,Error,,,,,Low,FALSE,Loader has been closed,,,
52559938,ERROR_DCL_LOADER_DEV_LOCKED,Error,,,,,Low,FALSE,Loader has been locked,,,
52559939,ERROR_DCL_LOADER_DEV_UNLOCKED,Error,,,,,Low,FALSE,Loader has been unlocked,,,
52559940,ERROR_DCL_UNLOADER_DEV_OPEN,Error,,,,,Low,FALSE,Unloader has been opened,,,
52559941,ERROR_DCL_UNLOADER_DEV_CLOSED,Error,,,,,Low,FALSE,Unloader has been closed,,,
52559942,ERROR_DCL_UNLOADER_DEV_LOCKED,Error,,,,,Low,FALSE,Unloader has been locked,,,
52559943,ERROR_DCL_UNLOADER_DEV_UNLOCKED,Error,,,,,Low,FALSE,Unloader has been unlocked,,,
52625409,ERROR_DCL_IHVESSELS_DEV_INVALID_STATE,Error,,,,,Low,FALSE,,,,
52625410,ERROR_DCL_IHVESSELS_DEV_NULL_PTR_ACCESS,Error,,,,,Low,FALSE,,,,
52625424,ERROR_DCL_HVESSELS_DEV_INVALID_TASKID,Error,,,,,Low,FALSE,,,,
52625425,ERROR_DCL_HVESSELS_DEV_INVALID_STATE,Error,,,,,Low,FALSE,,,,
52625426,ERROR_DCL_HVESSELS_DEV_NULL_PTR_ACCESS,Error,,,,,Low,FALSE,,,,
52625427,ERROR_DCL_HVESSELS_DEV_INIT_FCT_ALLOC_FAILED,Error,,,,,Low,FALSE,,,,
52625428,ERROR_DCL_HVESSELS_DEV_CONFIG_CONNECT_FAILED,Error,,,,,Low,FALSE,,,,
52625429,ERROR_DCL_HVESSELS_DEV_FCTMODULES_ERROR,Error,,,,,Low,FALSE,,,,
52625430,EVENT_DCL_IHVESSELS_DEV_SET_STATUS_FCT_CALL_FAILED,Info,,,,,Low,FALSE,,,,
52625431,EVENT_DCL_HVESSELS_DEV_SET_STATUS_FCT_CALL_FAILED,Info,,,,,Low,FALSE,,,,
52625432,EVENT_DCL_IHVESSELS_DEV_SET_TEMP_FCT_CALL_FAILED,Info,,,,,Low,FALSE,,,,
52625433,EVENT_DCL_HVESSELS_DEV_SET_TEMP_FCT_CALL_FAILED,Info,,,,,Low,FALSE,,,,
52625440,EVENT_DCL_IHVESSELS_DEV_REQ_STATUS_FCT_CALL_FAILED,Info,,,,,Low,FALSE,,,,
52625441,EVENT_DCL_HVESSELS_DEV_REQ_STATUS_FCT_CALL_FAILED,Info,,,,,Low,FALSE,,,,
52625442,EVENT_DCL_HVESSELS_DEV_REQ_STATUS_TIMEOUT,Info,,,,,Low,FALSE,,,,
52625443,EVENT_DCL_IHVESSELS_DEV_REQ_ACTTEMP_FCT_CALL_FAILED,Info,,,,,Low,FALSE,,,,
52625444,EVENT_DCL_HVESSELS_DEV_REQ_ACTTEMP_FCT_CALL_FAILED,Info,,,,,Low,FALSE,,,,
52625445,EVENT_DCL_HVESSELS_DEV_REQ_ACTTEMP_TIMEOUT,Info,,,,,Low,FALSE,,,,
52625446,EVENT_DCL_IHVESSELS_DEV_SET_OPMODE_FCT_CALL_FAILED,Info,,,,,Low,FALSE,,,,
52625447,EVENT_DCL_HVESSELS_DEV_SET_OPMODE_FCT_CALL_FAILED,Info,,,,,Low,FALSE,,,,
52625448,EVENT_DCL_IHVESSELS_DEV_REQ_OPMODE_FCT_CALL_FAILED,Info,,,,,Low,FALSE,,,,
52625449,EVENT_DCL_HVESSELS_DEV_REQ_OPMODE_FCT_CALL_FAILED,Info,,,,,Low,FALSE,,,,
52625456,EVENT_DCL_HVESSELS_DEV_REQ_OPMODE_TIMEOUT,Info,,,,,Low,FALSE,,,,
52690945,ERROR_DCL_IWATER_DEV_INVALID_STATE,Error,,,,,Low,FALSE,,,,
52690946,ERROR_DCL_IWATER_DEV_NULL_PTR_ACCESS,Error,,,,,Low,FALSE,,,,
52690960,ERROR_DCL_WATER_DEV_INVALID_TASKID,Error,,,,,Low,FALSE,,,,
52690961,ERROR_DCL_WATER_DEV_INVALID_STATE,Error,,,,,Low,FALSE,,,,
52690962,ERROR_DCL_WATER_DEV_NULL_PTR_ACCESS,Error,,,,,Low,FALSE,,,,
52690963,ERROR_DCL_WATER_DEV_INIT_FCT_ALLOC_FAILED,Error,,,,,Low,FALSE,,,,
52690964,ERROR_DCL_WATER_DEV_CONFIG_CONNECT_FAILED,Error,,,,,Low,FALSE,,,,
52690965,ERROR_DCL_WATER_DEV_FCTMODULES_ERROR,Error,,,,,Low,FALSE,,,,
52690966,EVENT_DCL_IWATER_DEV_REQ_LIQUID_LEVEL_FCT_CALL_FAILED,Info,,,,,Low,FALSE,,,,
52690967,EVENT_DCL_WATER_DEV_REQ_LIQUID_LEVEL_FCT_CALL_FAILED,Info,,,,,Low,FALSE,,,,
52690968,EVENT_DCL_WATER_DEV_REQ_LIQUID_LEVEL_TIMEOUT,Info,,,,,Low,FALSE,,,,
52690969,EVENT_DCL_IWATER_DEV_SET_VALVE_FCT_CALL_FAILED,Info,,,,,Low,FALSE,,,,
52690976,EVENT_DCL_WATER_DEV_SET_VALVE_FCT_CALL_FAILED,Info,,,,,Low,FALSE,,,,
52690993,EVENT_DCL_WATER_DEV_SET_VALVE_STATE_TIMEOUT,Info,,,,,Low,FALSE,,,,
52690994,EVENT_DCL_IWATER_DEV_REQ_VALVE_STATE_FCT_CALL_FAILED,Info,,,,,Low,FALSE,,,,
52690996,EVENT_DCL_WATER_DEV_REQ_VALVE_STATE_FCT_CALL_FAILED,Info,,,,,Low,FALSE,,,,
52690997,EVENT_DCL_WATER_DEV_REQ_VALVE_STATE_TIMEOUT,Info,,,,,Low,FALSE,,,,
52756481,ERROR_DCL_IEXHAUST_DEV_INVALID_STATE,Error,,,,,Low,FALSE,,,,
52756482,ERROR_DCL_IEXHAUST_DEV_NULL_PTR_ACCESS,Error,,,,,Low,FALSE,,,,
52756496,ERROR_DCL_EXHAUST_DEV_INVALID_TASKID,Error,,,,,Low,FALSE,,,,
52756497,ERROR_DCL_EXHAUST_DEV_INVALID_STATE,Error,,,,,Low,FALSE,,,,
52756498,ERROR_DCL_EXHAUST_DEV_NULL_PTR_ACCESS,Error,,,,,Low,FALSE,,,,
52756499,ERROR_DCL_EXHAUST_DEV_INIT_FCT_ALLOC_FAILED,Error,,,,,Low,FALSE,,,,
52756500,ERROR_DCL_EXHAUST_DEV_CONFIG_CONNECT_FAILED,Error,,,,,Low,FALSE,,,,
52756501,ERROR_DCL_EXHAUST_DEV_FCTMODULES_ERROR,Error,,,,,Low,FALSE,,,,
52756502,ERROR_DCL_IEXHAUST_DEV_REQ_SENSOR_STATUS_FCTCALL_FAILED,Error,,,,,Low,FALSE,,,,
52756503,ERROR_DCL_EXHAUST_DEV_REQ_SENSOR_STATUS_FCTCALL_FAILED,Error,,,,,Low,FALSE,,,,
52756504,ERROR_DCL_EXHAUST_DEV_REQ_SENSOR_STATUS_TIMEOUT,Error,,,,,Low,FALSE,,,,
52822017,ERROR_DCL_IINCL_DEV_INVALID_STATE,Error,,,,,Low,FALSE,,,,
52822018,ERROR_DCL_IINCL_DEV_NULL_PTR_ACCESS,Error,,,,,Low,FALSE,,,,
52822032,ERROR_DCL_INCL_DEV_INVALID_TASKID,Error,,,,,Low,FALSE,,,,
52822033,ERROR_DCL_INCL_DEV_INVALID_STATE,Error,,,,,Low,FALSE,,,,
52822034,ERROR_DCL_INCL_DEV_NULL_PTR_ACCESS,Error,,,,,Low,FALSE,,,,
52822035,ERROR_DCL_INCL_DEV_INIT_FCT_ALLOC_FAILED,Error,,,,,Low,FALSE,,,,
52822036,ERROR_DCL_INCL_DEV_CONFIG_CONNECT_FAILED,Error,,,,,Low,FALSE,,,,
52822037,ERROR_DCL_INCL_DEV_FCTMODULES_ERROR,Error,,,,,Low,FALSE,,,,
52822038,ERROR_DCL_IINCL_DEV_REQ_ACTINCL_FCTCALL_FAILED,Error,,,,,Low,FALSE,,,,
52822040,ERROR_DCL_INCL_DEV_REQ_ACTINCL_FCTCALL_FAILED,Error,,,,,Low,FALSE,,,,
52822041,ERROR_DCL_INCL_DEV_REQ_ACTINCL_TIMEOUT,Error,,,,,Low,FALSE,,,,
52822048,ERROR_DCL_IINCL_DEV_SET_INCLLIMIT_FCTCALL_FAILED,Error,,,,,Low,FALSE,,,,
52822049,ERROR_DCL_INCL_DEV_SET_INCLLIMIT_FCTCALL_FAILED,Error,,,,,Low,FALSE,,,,
52822051,ERROR_DCL_IINCL_DEV_SET_REFPOS_FCTCALL_FAILED,Error,,,,,Low,FALSE,,,,
52822052,ERROR_DCL_INCL_DEV_SET_REFPOS_FCTCALL_FAILED,Error,,,,,Low,FALSE,,,,
52887553,ERROR_DCL_ICOVERLINE_DEV_INVALID_STATE,Error,,,,,Low,FALSE,,,,
52887554,ERROR_DCL_ICOVERLINE_DEV_NULL_PTR_ACCESS,Error,,,,,Low,FALSE,,,,
52887568,ERROR_DCL_COVERLINE_DEV_INVALID_TASKID,Error,,,,,Low,FALSE,,,,
52887569,ERROR_DCL_COVERLINE_DEV_INVALID_STATE,Error,,,,,Low,FALSE,,,,
52887570,ERROR_DCL_COVERLINE_DEV_NULL_PTR_ACCESS,Error,,,,,Low,FALSE,,,,
52887571,ERROR_DCL_COVERLINE_DEV_INIT_FCT_ALLOC_FAILED,Error,,,,,Low,FALSE,,,,
52887572,ERROR_DCL_COVERLINE_DEV_CONFIG_CONNECT_FAILED,Error,,,,,Low,FALSE,,,,
52887573,ERROR_DCL_COVERLINE_DEV_FCTMODULES_ERROR,Error,,,,,Low,FALSE,,,,
52887574,EVENT_DCL_ICOVERLINE_DEV_REQREFRUN_FCT_CALL_FAILED,Info,,,,,Low,FALSE,,,,
52887575,EVENT_DCL_COVERLINE_DEV_REQREFRUN_FCT_CALL_FAILED,Info,,,,,Low,FALSE,,,,
52887576,EVENT_DCL_ICOVERLINE_DEV_REQCOVER_FCT_CALL_FAILED,Info,,,,,Low,FALSE,,,,
52887577,EVENT_DCL_COVERLINE_DEV_REQCOVER_FCT_CALL_FAILED,Info,,,,,Low,FALSE,,,,
52953089,ERROR_DCL_IRACKHDL_DEV_INVALID_STATE,Error,,,,,Low,FALSE,,,,
52953090,ERROR_DCL_IRACKHDL_DEV_NULL_PTR_ACCESS,Error,,,,,Low,FALSE,,,,
52953091,EVENT_DCL_RACKHDL_DEV_ADJUSTMENT_FORMAT_ERROR,Error,,,,,Low,FALSE,,,,
52953104,ERROR_DCL_RACKHDL_DEV_INVALID_TASKID,Error,,,,,Low,FALSE,,,,
52953105,ERROR_DCL_RACKHDL_DEV_INVALID_STATE,Error,,,,,Low,FALSE,,,,
52953106,ERROR_DCL_RACKHDL_DEV_NULL_PTR_ACCESS,Error,,,,,Low,FALSE,,,,
52953107,ERROR_DCL_RACKHDL_DEV_INIT_FCT_ALLOC_FAILED,Error,,,,,Low,FALSE,,,,
52953108,ERROR_DCL_RACKHDL_DEV_CONFIG_CONNECT_FAILED,Error,,,,,Low,FALSE,,,,
52953109,ERROR_DCL_RACKHDL_DEV_FCTMODULES_ERROR,Error,,,,,Low,FALSE,,,,
52953110,EVENT_DCL_IRACKHDL_DEV_REQREFRUN_FCT_CALL_FAILED,Info,,,,,Low,FALSE,,,,
52953111,EVENT_DCL_RACKHDL_DEV_REQREFRUN_FCT_CALL_FAILED,Info,,,,,Low,FALSE,,,,
52953112,EVENT_DCL_IRACKHDL_DEV_REQACTION_FCT_CALL_FAILED,Info,,,,,Low,FALSE,,,,
52953113,EVENT_DCL_RACKHDL_DEV_REQACTPOS_FCT_CALL_FAILED,Info,,,,,Low,FALSE,,,,
52953120,EVENT_DCL_RACKHDL_DEV_CALC_TRANSP_FCT_CALL_FAILED,Info,,,,,Low,FALSE,,,,
52953121,EVENT_DCL_RACKHDL_DEV_TRANSP_TASK_START_FCT_CALL_FAILED,Info,,,,,Low,FALSE,,,,
53018625,ERROR_DCL_IHOOD_DEV_INVALID_STATE,Error,,,,,Low,FALSE,,,,
53018626,ERROR_DCL_IHOOD_DEV_NULL_PTR_ACCESS,Error,,,,,Low,FALSE,,,,
53018627,EVENT_DCL_HOOD_DEV_ADJUSTMENT_FORMAT_ERROR,Error,,,,,Low,FALSE,,,,
53018640,ERROR_DCL_HOOD_DEV_INVALID_TASKID,Error,,,,,Low,FALSE,,,,
53018641,ERROR_DCL_HOOD_DEV_INVALID_STATE,Error,,,,,Low,FALSE,,,,
53018642,ERROR_DCL_HOOD_DEV_NULL_PTR_ACCESS,Error,,,,,Low,FALSE,,,,
53018643,ERROR_DCL_HOOD_DEV_INIT_FCT_ALLOC_FAILED,Error,,,,,Low,FALSE,,,,
53018644,ERROR_DCL_HOOD_DEV_CONFIG_CONNECT_FAILED,Error,,,,,Low,FALSE,,,,
53018645,ERROR_DCL_HOOD_DEV_FCTMODULES_ERROR,Error,,,,,Low,FALSE,,,,
53018646,ERROR_DCL_HOOD_DEV_UNKNOWN_ERROR,Error,,,,,Low,FALSE,,,,
53018647,ERROR_DCL_IHOOD_DEV_REQ_STATUS_FCTCALL_FAILED,Error,,,,,Low,FALSE,,,,
53018648,ERROR_DCL_HOOD_DEV_REQ_STATUS_FCTCALL_FAILED,Error,,,,,Low,FALSE,,,,
53018649,ERROR_DCL_HOOD_DEV_REQ_STATUS_TIMEOUT,Error,,,,,Low,FALSE,,,,
53019137,EVENT_DCL_HOOD_DEV_OPEN,Info,,,,,Low,FALSE,Hood has been opened,,,
53019138,EVENT_DCL_HOOD_DEV_CLOSED,Info,,,,,Low,FALSE,Hood has been closed,,,
